# Time step: 1
# Step  Temperature Total_energy E_pot E_kin
    1     97.0  -238.467590  -238.906200     0.438610
    2     96.0  -238.467580  -238.900570     0.432980
    3     94.0  -238.467570  -238.894100     0.426530
    4     93.0  -238.467550  -238.886840     0.419290
    5     91.0  -238.467530  -238.878820     0.411290
    6     89.0  -238.467510  -238.870100     0.402590
    7     87.0  -238.467490  -238.860740     0.393250
    8     85.0  -238.467470  -238.850790     0.383320
    9     82.0  -238.467440  -238.840330     0.372880
   10     80.0  -238.467420  -238.829430     0.362010
   11     78.0  -238.467400  -238.818180     0.350780
   12     75.0  -238.467380  -238.806660     0.339280
   13     72.0  -238.467350  -238.794950     0.327600
   14     70.0  -238.467340  -238.783160     0.315820
   15     67.0  -238.467310  -238.771350     0.304040
   16     65.0  -238.467290  -238.759630     0.292340
   17     62.0  -238.467270  -238.748080     0.280810
   18     60.0  -238.467250  -238.736780     0.269530
   19     57.0  -238.467240  -238.725830     0.258590
   20     55.0  -238.467210  -238.715280     0.248060
   21     53.0  -238.467200  -238.705230     0.238030
   22     51.0  -238.467180  -238.695730     0.228550
   23     49.0  -238.467170  -238.686850     0.219680
   24     47.0  -238.467150  -238.678640     0.211490
   25     45.0  -238.467140  -238.671150     0.204010
   26     44.0  -238.467130  -238.664420     0.197290
   27     42.0  -238.467110  -238.658470     0.191360
   28     41.0  -238.467100  -238.653340     0.186240
   29     40.0  -238.467090  -238.649040     0.181940
   30     39.0  -238.467080  -238.645560     0.178480
   31     39.0  -238.467080  -238.642920     0.175840
   32     38.0  -238.467070  -238.641100     0.174030
   33     38.0  -238.467070  -238.640080     0.173020
   34     38.0  -238.467060  -238.639840     0.172790
   35     38.0  -238.467050  -238.640360     0.173300
   36     39.0  -238.467060  -238.641590     0.174540
   37     39.0  -238.467050  -238.643500     0.176440
   38     40.0  -238.467050  -238.646020     0.178970
   39     40.0  -238.467050  -238.649130     0.182080
   40     41.0  -238.467050  -238.652760     0.185710
   41     42.0  -238.467060  -238.656860     0.189800
   42     43.0  -238.467060  -238.661360     0.194310
   43     44.0  -238.467060  -238.666220     0.199160
   44     45.0  -238.467060  -238.671380     0.204310
   45     46.0  -238.467070  -238.676770     0.209700
   46     48.0  -238.467080  -238.682350     0.215270
   47     49.0  -238.467070  -238.688040     0.220970
   48     50.0  -238.467090  -238.693820     0.226740
   49     51.0  -238.467090  -238.699620     0.232530
   50     53.0  -238.467100  -238.705400     0.238300
   51     54.0  -238.467100  -238.711120     0.244020
   52     55.0  -238.467110  -238.716740     0.249640
   53     56.0  -238.467120  -238.722240     0.255120
   54     58.0  -238.467120  -238.727570     0.260450
   55     59.0  -238.467140  -238.732730     0.265590
   56     60.0  -238.467150  -238.737680     0.270530
   57     61.0  -238.467160  -238.742410     0.275250
   58     62.0  -238.467170  -238.746920     0.279750
   59     63.0  -238.467180  -238.751190     0.284010
   60     64.0  -238.467180  -238.755230     0.288050
   61     65.0  -238.467190  -238.759040     0.291850
   62     65.0  -238.467210  -238.762630     0.295420
   63     66.0  -238.467230  -238.766000     0.298780
   64     67.0  -238.467240  -238.769170     0.301930
   65     67.0  -238.467250  -238.772140     0.304890
   66     68.0  -238.467260  -238.774930     0.307670
   67     69.0  -238.467280  -238.777570     0.310300
   68     69.0  -238.467290  -238.780070     0.312780
   69     70.0  -238.467310  -238.782440     0.315130
   70     70.0  -238.467320  -238.784700     0.317380
   71     71.0  -238.467340  -238.786860     0.319530
   72     71.0  -238.467350  -238.788950     0.321600
   73     72.0  -238.467370  -238.790970     0.323600
   74     72.0  -238.467390  -238.792940     0.325550
   75     72.0  -238.467400  -238.794860     0.327450
   76     73.0  -238.467420  -238.796740     0.329320
   77     73.0  -238.467440  -238.798580     0.331150
   78     74.0  -238.467450  -238.800390     0.332940
   79     74.0  -238.467470  -238.802160     0.334690
   80     74.0  -238.467490  -238.803890     0.336400
   81     75.0  -238.467510  -238.805560     0.338060
   82     75.0  -238.467520  -238.807180     0.339660
   83     75.0  -238.467540  -238.808720     0.341180
   84     76.0  -238.467560  -238.810180     0.342620
   85     76.0  -238.467580  -238.811530     0.343950
   86     76.0  -238.467590  -238.812760     0.345170
   87     77.0  -238.467610  -238.813860     0.346240
   88     77.0  -238.467630  -238.814790     0.347160
   89     77.0  -238.467640  -238.815550     0.347910
   90     77.0  -238.467650  -238.816130     0.348470
   91     77.0  -238.467670  -238.816490     0.348830
   92     77.0  -238.467680  -238.816650     0.348970
   93     77.0  -238.467690  -238.816560     0.348870
   94     77.0  -238.467710  -238.816260     0.348550
   95     77.0  -238.467720  -238.815700     0.347980
   96     77.0  -238.467740  -238.814910     0.347170
   97     77.0  -238.467740  -238.813880     0.346130
   98     76.0  -238.467750  -238.812620     0.344870
   99     76.0  -238.467760  -238.811150     0.343390
  100     76.0  -238.467770  -238.809480     0.341710
  101     75.0  -238.467770  -238.807640     0.339870
  102     75.0  -238.467780  -238.805650     0.337870
  103     74.0  -238.467790  -238.803560     0.335770
  104     74.0  -238.467790  -238.801380     0.333590
  105     73.0  -238.467800  -238.799160     0.331370
  106     73.0  -238.467800  -238.796950     0.329160
  107     72.0  -238.467800  -238.794790     0.326990
  108     72.0  -238.467790  -238.792710     0.324920
  109     71.0  -238.467800  -238.790800     0.323000
  110     71.0  -238.467800  -238.789060     0.321270
  111     71.0  -238.467790  -238.787560     0.319770
  112     70.0  -238.467790  -238.786340     0.318550
  113     70.0  -238.467790  -238.785440     0.317660
  114     70.0  -238.467790  -238.784910     0.317120
  115     70.0  -238.467780  -238.784760     0.316980
  116     70.0  -238.467770  -238.785040     0.317260
  117     70.0  -238.467770  -238.785750     0.317980
  118     71.0  -238.467760  -238.786930     0.319160
  119     71.0  -238.467750  -238.788560     0.320810
  120     71.0  -238.467750  -238.790670     0.322920
  121     72.0  -238.467740  -238.793220     0.325480
  122     73.0  -238.467740  -238.796220     0.328480
  123     73.0  -238.467730  -238.799620     0.331890
  124     74.0  -238.467720  -238.803400     0.335680
  125     75.0  -238.467720  -238.807530     0.339810
  126     76.0  -238.467710  -238.811930     0.344220
  127     77.0  -238.467700  -238.816560     0.348860
  128     78.0  -238.467690  -238.821360     0.353660
  129     79.0  -238.467680  -238.826240     0.358560
  130     80.0  -238.467680  -238.831150     0.363480
  131     81.0  -238.467660  -238.836000     0.368340
  132     82.0  -238.467650  -238.840710     0.373050
  133     83.0  -238.467650  -238.845200     0.377550
  134     84.0  -238.467640  -238.849380     0.381740
  135     85.0  -238.467630  -238.853170     0.385550
  136     86.0  -238.467610  -238.856490     0.388880
  137     87.0  -238.467590  -238.859260     0.391670
  138     87.0  -238.467590  -238.861430     0.393840
  139     87.0  -238.467580  -238.862900     0.395320
  140     88.0  -238.467570  -238.863620     0.396050
  141     88.0  -238.467540  -238.863520     0.395980
  142     87.0  -238.467540  -238.862600     0.395060
  143     87.0  -238.467520  -238.860780     0.393260
  144     86.0  -238.467500  -238.858050     0.390550
  145     86.0  -238.467490  -238.854400     0.386910
  146     85.0  -238.467470  -238.849800     0.382330
  147     83.0  -238.467440  -238.844270     0.376830
  148     82.0  -238.467420  -238.837830     0.370410
  149     80.0  -238.467400  -238.830510     0.363110
  150     78.0  -238.467390  -238.822340     0.354950
  151     76.0  -238.467380  -238.813370     0.345990
  152     74.0  -238.467360  -238.803640     0.336290
  153     72.0  -238.467330  -238.793240     0.325910
  154     70.0  -238.467310  -238.782230     0.314920
  155     67.0  -238.467290  -238.770710     0.303420
  156     64.0  -238.467270  -238.758770     0.291490
  157     62.0  -238.467250  -238.746490     0.279230
  158     59.0  -238.467230  -238.733970     0.266740
  159     56.0  -238.467210  -238.721340     0.254130
  160     53.0  -238.467200  -238.708700     0.241500
  161     51.0  -238.467170  -238.696130     0.228960
  162     48.0  -238.467160  -238.683790     0.216630
  163     45.0  -238.467140  -238.671740     0.204600
  164     43.0  -238.467130  -238.660110     0.192990
  165     40.0  -238.467110  -238.649000     0.181900
  166     38.0  -238.467090  -238.638510     0.171420
  167     36.0  -238.467080  -238.628740     0.161660
  168     34.0  -238.467060  -238.619760     0.152690
  169     32.0  -238.467050  -238.611650     0.144600
  170     30.0  -238.467040  -238.604500     0.137460
  171     29.0  -238.467030  -238.598350     0.131330
  172     28.0  -238.467020  -238.593270     0.126250
  173     27.0  -238.467010  -238.589300     0.122290
  174     26.0  -238.467000  -238.586460     0.119460
  175     26.0  -238.467000  -238.584790     0.117790
  176     26.0  -238.467000  -238.584290     0.117290
  177     26.0  -238.467000  -238.584960     0.117970
  178     26.0  -238.466990  -238.586800     0.119800
  179     27.0  -238.466990  -238.589770     0.122780
  180     28.0  -238.466990  -238.593870     0.126880
  181     29.0  -238.466990  -238.599040     0.132050
  182     31.0  -238.466990  -238.605230     0.138240
  183     32.0  -238.467000  -238.612400     0.145400
  184     34.0  -238.467010  -238.620480     0.153470
  185     36.0  -238.467010  -238.629390     0.162380
  186     38.0  -238.467010  -238.639060     0.172050
  187     40.0  -238.467020  -238.649410     0.182390
  188     43.0  -238.467040  -238.660370     0.193330
  189     45.0  -238.467040  -238.671820     0.204780
  190     48.0  -238.467050  -238.683690     0.216640
  191     51.0  -238.467060  -238.695880     0.228820
  192     53.0  -238.467080  -238.708320     0.241240
  193     56.0  -238.467090  -238.720890     0.253800
  194     59.0  -238.467100  -238.733520     0.266420
  195     62.0  -238.467110  -238.746120     0.279010
  196     64.0  -238.467120  -238.758600     0.291480
  197     67.0  -238.467130  -238.770900     0.303770
  198     70.0  -238.467150  -238.782940     0.315790
  199     72.0  -238.467160  -238.794640     0.327480
  200     75.0  -238.467180  -238.805960     0.338780
  201     77.0  -238.467190  -238.816820     0.349630
  202     80.0  -238.467210  -238.827210     0.360000
  203     82.0  -238.467220  -238.837050     0.369830
  204     84.0  -238.467230  -238.846330     0.379100
  205     86.0  -238.467240  -238.855020     0.387780
  206     87.0  -238.467260  -238.863110     0.395850
  207     89.0  -238.467280  -238.870580     0.403300
  208     91.0  -238.467290  -238.877420     0.410130
  209     92.0  -238.467310  -238.883650     0.416340
  210     93.0  -238.467320  -238.889270     0.421950
  211     94.0  -238.467330  -238.894290     0.426950
  212     95.0  -238.467350  -238.898730     0.431380
  213     96.0  -238.467360  -238.902620     0.435260
  214     97.0  -238.467380  -238.905990     0.438610
  215     98.0  -238.467390  -238.908850     0.441460
  216     98.0  -238.467400  -238.911250     0.443850
  217     99.0  -238.467420  -238.913220     0.445800
  218     99.0  -238.467440  -238.914790     0.447350
  219     99.0  -238.467450  -238.915970     0.448530
  220     99.0  -238.467450  -238.916820     0.449360
  221     99.0  -238.467480  -238.917360     0.449890
  222     99.0  -238.467490  -238.917610     0.450120
  223     99.0  -238.467500  -238.917590     0.450090
  224     99.0  -238.467520  -238.917330     0.449810
  225     99.0  -238.467540  -238.916830     0.449290
  226     99.0  -238.467550  -238.916100     0.448550
  227     99.0  -238.467570  -238.915150     0.447580
  228     99.0  -238.467580  -238.913970     0.446380
  229     98.0  -238.467590  -238.912550     0.444950
  230     98.0  -238.467610  -238.910880     0.443270
  231     98.0  -238.467630  -238.908960     0.441330
  232     97.0  -238.467640  -238.906750     0.439100
  233     96.0  -238.467660  -238.904230     0.436570
  234     96.0  -238.467680  -238.901370     0.433690
  235     95.0  -238.467690  -238.898140     0.430450
  236     94.0  -238.467700  -238.894510     0.426810
  237     93.0  -238.467710  -238.890450     0.422730
  238     92.0  -238.467730  -238.885920     0.418190
  239     91.0  -238.467740  -238.880900     0.413160
  240     90.0  -238.467750  -238.875350     0.407610
  241     89.0  -238.467760  -238.869260     0.401510
  242     87.0  -238.467770  -238.862610     0.394840
  243     86.0  -238.467770  -238.855360     0.387590
  244     84.0  -238.467770  -238.847520     0.379750
  245     82.0  -238.467780  -238.839100     0.371320
  246     80.0  -238.467790  -238.830090     0.362310
  247     78.0  -238.467790  -238.820510     0.352720
  248     76.0  -238.467790  -238.810390     0.342600
  249     73.0  -238.467790  -238.799750     0.331960
  250     71.0  -238.467790  -238.788650     0.320860
  251     68.0  -238.467790  -238.777130     0.309340
  252     66.0  -238.467780  -238.765250     0.297470
  253     63.0  -238.467780  -238.753080     0.285300
  254     60.0  -238.467770  -238.740690     0.272930
  255     58.0  -238.467760  -238.728190     0.260420
  256     55.0  -238.467760  -238.715640     0.247880
  257     52.0  -238.467750  -238.703150     0.235400
  258     49.0  -238.467730  -238.690800     0.223070
  259     47.0  -238.467720  -238.678710     0.210990
  260     44.0  -238.467710  -238.666990     0.199270
  261     42.0  -238.467700  -238.655710     0.188010
  262     39.0  -238.467690  -238.644990     0.177300
  263     37.0  -238.467680  -238.634920     0.167250
  264     35.0  -238.467660  -238.625600     0.157930
  265     33.0  -238.467650  -238.617090     0.149450
  266     31.0  -238.467630  -238.609500     0.141870
  267     30.0  -238.467620  -238.602890     0.135270
  268     29.0  -238.467610  -238.597310     0.129700
  269     28.0  -238.467600  -238.592820     0.125220
  270     27.0  -238.467580  -238.589450     0.121870
  271     26.0  -238.467570  -238.587240     0.119670
  272     26.0  -238.467560  -238.586200     0.118650
  273     26.0  -238.467540  -238.586340     0.118790
  274     27.0  -238.467530  -238.587640     0.120110
  275     27.0  -238.467520  -238.590090     0.122570
  276     28.0  -238.467500  -238.593660     0.126160
  277     29.0  -238.467490  -238.598300     0.130810
  278     30.0  -238.467480  -238.603980     0.136490
  279     32.0  -238.467470  -238.610600     0.143140
  280     33.0  -238.467460  -238.618130     0.150670
  281     35.0  -238.467450  -238.626470     0.159030
  282     37.0  -238.467440  -238.635550     0.168110
  283     39.0  -238.467420  -238.645270     0.177850
  284     42.0  -238.467410  -238.655550     0.188140
  285     44.0  -238.467400  -238.666290     0.198890
  286     46.0  -238.467390  -238.677390     0.210000
  287     49.0  -238.467370  -238.688760     0.221380
  288     51.0  -238.467360  -238.700300     0.232940
  289     54.0  -238.467350  -238.711940     0.244590
  290     57.0  -238.467340  -238.723560     0.256220
  291     59.0  -238.467330  -238.735100     0.267770
  292     62.0  -238.467320  -238.746470     0.279150
  293     64.0  -238.467310  -238.757590     0.290280
  294     67.0  -238.467300  -238.768400     0.301100
  295     69.0  -238.467280  -238.778830     0.311550
  296     71.0  -238.467270  -238.788850     0.321580
  297     73.0  -238.467260  -238.798390     0.331130
  298     75.0  -238.467250  -238.807420     0.340180
  299     77.0  -238.467230  -238.815910     0.348680
  300     79.0  -238.467220  -238.823840     0.356620
  301     80.0  -238.467200  -238.831190     0.363990
  302     82.0  -238.467190  -238.837960     0.370770
  303     83.0  -238.467180  -238.844140     0.376960
  304     85.0  -238.467160  -238.849730     0.382570
  305     86.0  -238.467150  -238.854750     0.387610
  306     87.0  -238.467140  -238.859230     0.392090
  307     88.0  -238.467130  -238.863160     0.396030
  308     88.0  -238.467120  -238.866580     0.399460
  309     89.0  -238.467110  -238.869510     0.402400
  310     89.0  -238.467100  -238.871980     0.404880
  311     90.0  -238.467080  -238.874020     0.406930
  312     90.0  -238.467080  -238.875670     0.408590
  313     91.0  -238.467070  -238.876960     0.409880
  314     91.0  -238.467060  -238.877910     0.410840
  315     91.0  -238.467060  -238.878560     0.411500
  316     91.0  -238.467040  -238.878930     0.411880
  317     91.0  -238.467050  -238.879060     0.412010
  318     91.0  -238.467040  -238.878960     0.411920
  319     91.0  -238.467040  -238.878660     0.411620
  320     91.0  -238.467030  -238.878160     0.411130
  321     91.0  -238.467010  -238.877480     0.410460
  322     91.0  -238.467030  -238.876670     0.409630
  323     90.0  -238.467030  -238.875670     0.408640
  324     90.0  -238.467020  -238.874510     0.407490
  325     90.0  -238.467030  -238.873210     0.406180
  326     89.0  -238.467030  -238.871740     0.404700
  327     89.0  -238.467030  -238.870090     0.403050
  328     89.0  -238.467040  -238.868260     0.401220
  329     88.0  -238.467050  -238.866230     0.399190
  330     88.0  -238.467050  -238.863990     0.396940
  331     87.0  -238.467060  -238.861510     0.394450
  332     87.0  -238.467070  -238.858790     0.391720
  333     86.0  -238.467070  -238.855790     0.388720
  334     85.0  -238.467080  -238.852500     0.385420
  335     84.0  -238.467090  -238.848910     0.381820
  336     84.0  -238.467100  -238.845000     0.377900
  337     83.0  -238.467110  -238.840750     0.373640
  338     82.0  -238.467120  -238.836150     0.369030
  339     80.0  -238.467130  -238.831180     0.364060
  340     79.0  -238.467140  -238.825860     0.358720
  341     78.0  -238.467150  -238.820170     0.353030
  342     77.0  -238.467160  -238.814130     0.346970
  343     75.0  -238.467180  -238.807740     0.340570
  344     74.0  -238.467190  -238.801010     0.333820
  345     72.0  -238.467200  -238.793970     0.326770
  346     71.0  -238.467210  -238.786630     0.319420
  347     69.0  -238.467220  -238.779040     0.311820
  348     67.0  -238.467230  -238.771230     0.304000
  349     65.0  -238.467240  -238.763230     0.295990
  350     64.0  -238.467260  -238.755110     0.287850
  351     62.0  -238.467270  -238.746900     0.279630
  352     60.0  -238.467280  -238.738650     0.271370
  353     58.0  -238.467290  -238.730440     0.263150
  354     56.0  -238.467310  -238.722320     0.255010
  355     55.0  -238.467310  -238.714340     0.247030
  356     53.0  -238.467320  -238.706580     0.239250
  357     51.0  -238.467340  -238.699100     0.231760
  358     50.0  -238.467350  -238.691950     0.224590
  359     48.0  -238.467370  -238.685200     0.217830
  360     47.0  -238.467380  -238.678910     0.211520
  361     45.0  -238.467400  -238.673120     0.205730
  362     44.0  -238.467410  -238.667900     0.200490
  363     43.0  -238.467420  -238.663280     0.195860
  364     42.0  -238.467440  -238.659320     0.191880
  365     42.0  -238.467450  -238.656030     0.188580
  366     41.0  -238.467470  -238.653460     0.185990
  367     41.0  -238.467480  -238.651620     0.184130
  368     40.0  -238.467500  -238.650510     0.183020
  369     40.0  -238.467510  -238.650160     0.182650
  370     40.0  -238.467520  -238.650560     0.183030
  371     41.0  -238.467540  -238.651690     0.184150
  372     41.0  -238.467550  -238.653540     0.185990
  373     42.0  -238.467570  -238.656090     0.188520
  374     42.0  -238.467580  -238.659300     0.191720
  375     43.0  -238.467600  -238.663140     0.195550
  376     44.0  -238.467610  -238.667560     0.199950
  377     45.0  -238.467630  -238.672520     0.204900
  378     46.0  -238.467640  -238.677960     0.210320
  379     48.0  -238.467650  -238.683810     0.216170
  380     49.0  -238.467660  -238.690050     0.222380
  381     51.0  -238.467680  -238.696580     0.228900
  382     52.0  -238.467680  -238.703330     0.235650
  383     54.0  -238.467680  -238.710260     0.242580
  384     55.0  -238.467700  -238.717330     0.249620
  385     57.0  -238.467720  -238.724440     0.256720
  386     58.0  -238.467730  -238.731540     0.263810
  387     60.0  -238.467730  -238.738570     0.270830
  388     61.0  -238.467750  -238.745490     0.277740
  389     63.0  -238.467750  -238.752250     0.284490
  390     64.0  -238.467760  -238.758800     0.291040
  391     66.0  -238.467760  -238.765100     0.297350
  392     67.0  -238.467760  -238.771140     0.303380
  393     68.0  -238.467760  -238.776870     0.309110
  394     70.0  -238.467760  -238.782300     0.314530
  395     71.0  -238.467770  -238.787390     0.319620
  396     72.0  -238.467760  -238.792140     0.324370
  397     73.0  -238.467760  -238.796550     0.328790
  398     74.0  -238.467760  -238.800630     0.332870
  399     74.0  -238.467750  -238.804390     0.336630
  400     75.0  -238.467750  -238.807830     0.340090
  401     76.0  -238.467740  -238.811000     0.343250
  402     77.0  -238.467740  -238.813900     0.346160
  403     77.0  -238.467730  -238.816550     0.348820
  404     78.0  -238.467720  -238.819000     0.351280
  405     78.0  -238.467700  -238.821260     0.353560
  406     79.0  -238.467690  -238.823380     0.355680
  407     79.0  -238.467690  -238.825380     0.357700
  408     79.0  -238.467680  -238.827300     0.359620
  409     80.0  -238.467660  -238.829150     0.361490
  410     80.0  -238.467640  -238.830960     0.363320
  411     81.0  -238.467640  -238.832780     0.365150
  412     81.0  -238.467620  -238.834610     0.366990
  413     82.0  -238.467610  -238.836460     0.368860
  414     82.0  -238.467590  -238.838360     0.370770
  415     82.0  -238.467580  -238.840310     0.372730
  416     83.0  -238.467560  -238.842310     0.374740
  417     83.0  -238.467560  -238.844360     0.376810
  418     84.0  -238.467540  -238.846450     0.378910
  419     84.0  -238.467520  -238.848570     0.381050
  420     85.0  -238.467510  -238.850700     0.383190
  421     85.0  -238.467490  -238.852830     0.385330
  422     86.0  -238.467480  -238.854910     0.387430
  423     86.0  -238.467460  -238.856930     0.389460
  424     87.0  -238.467450  -238.858840     0.391390
  425     87.0  -238.467430  -238.860610     0.393180
  426     87.0  -238.467420  -238.862220     0.394790
  427     88.0  -238.467410  -238.863590     0.396180
  428     88.0  -238.467400  -238.864710     0.397310
  429     88.0  -238.467380  -238.865520     0.398130
  430     88.0  -238.467360  -238.865970     0.398610
  431     88.0  -238.467350  -238.866050     0.398700
  432     88.0  -238.467340  -238.865700     0.398360
  433     88.0  -238.467320  -238.864890     0.397570
  434     88.0  -238.467310  -238.863600     0.396290
  435     87.0  -238.467290  -238.861790     0.394490
  436     87.0  -238.467280  -238.859440     0.392160
  437     86.0  -238.467260  -238.856540     0.389280
  438     85.0  -238.467240  -238.853080     0.385840
  439     84.0  -238.467220  -238.849060     0.381830
  440     83.0  -238.467210  -238.844480     0.377270
  441     82.0  -238.467190  -238.839360     0.372170
  442     81.0  -238.467170  -238.833700     0.366530
  443     80.0  -238.467160  -238.827550     0.360390
  444     78.0  -238.467140  -238.820920     0.353780
  445     77.0  -238.467120  -238.813850     0.346720
  446     75.0  -238.467100  -238.806390     0.339280
  447     73.0  -238.467090  -238.798590     0.331500
  448     71.0  -238.467080  -238.790510     0.323430
  449     70.0  -238.467060  -238.782200     0.315140
  450     68.0  -238.467050  -238.773720     0.306680
  451     66.0  -238.467030  -238.765150     0.298120
  452     64.0  -238.467020  -238.756560     0.289540
  453     62.0  -238.467000  -238.748000     0.280990
  454     60.0  -238.466990  -238.739560     0.272570
  455     58.0  -238.466990  -238.731310     0.264330
  456     57.0  -238.466980  -238.723320     0.256340
  457     55.0  -238.466970  -238.715650     0.248680
  458     53.0  -238.466960  -238.708380     0.241420
  459     52.0  -238.466950  -238.701550     0.234600
  460     50.0  -238.466940  -238.695240     0.228300
  461     49.0  -238.466940  -238.689500     0.222560
  462     48.0  -238.466930  -238.684370     0.217440
  463     47.0  -238.466930  -238.679890     0.212970
  464     46.0  -238.466930  -238.676110     0.209180
  465     46.0  -238.466930  -238.673040     0.206120
  466     45.0  -238.466930  -238.670710     0.203780
  467     45.0  -238.466930  -238.669120     0.202190
  468     45.0  -238.466930  -238.668280     0.201350
  469     44.0  -238.466930  -238.668180     0.201250
  470     45.0  -238.466940  -238.668820     0.201880
  471     45.0  -238.466950  -238.670160     0.203210
  472     45.0  -238.466960  -238.672180     0.205220
  473     46.0  -238.466960  -238.674830     0.207860
  474     47.0  -238.466970  -238.678080     0.211100
  475     47.0  -238.466990  -238.681870     0.214880
  476     48.0  -238.467000  -238.686140     0.219140
  477     49.0  -238.467010  -238.690840     0.223820
  478     51.0  -238.467030  -238.695880     0.228850
  479     52.0  -238.467040  -238.701200     0.234160
  480     53.0  -238.467060  -238.706720     0.239670
  481     54.0  -238.467070  -238.712370     0.245310
  482     55.0  -238.467090  -238.718080     0.250990
  483     57.0  -238.467100  -238.723750     0.256640
  484     58.0  -238.467130  -238.729310     0.262190
  485     59.0  -238.467150  -238.734690     0.267550
  486     60.0  -238.467160  -238.739820     0.272660
  487     61.0  -238.467180  -238.744620     0.277440
  488     62.0  -238.467200  -238.749040     0.281840
  489     63.0  -238.467220  -238.753010     0.285800
  490     64.0  -238.467230  -238.756490     0.289260
  491     65.0  -238.467250  -238.759440     0.292190
  492     65.0  -238.467270  -238.761820     0.294550
  493     65.0  -238.467290  -238.763600     0.296320
  494     66.0  -238.467300  -238.764770     0.297470
  495     66.0  -238.467320  -238.765340     0.298010
  496     66.0  -238.467340  -238.765280     0.297940
  497     66.0  -238.467360  -238.764630     0.297270
  498     65.0  -238.467370  -238.763390     0.296030
  499     65.0  -238.467380  -238.761620     0.294240
  500     65.0  -238.467400  -238.759350     0.291950
  501     64.0  -238.467410  -238.756620     0.289220
  502     63.0  -238.467430  -238.753530     0.286100
  503     62.0  -238.467440  -238.750100     0.282660
  504     62.0  -238.467450  -238.746420     0.278970
  505     61.0  -238.467460  -238.742590     0.275120
  506     60.0  -238.467480  -238.738670     0.271190
  507     59.0  -238.467490  -238.734760     0.267280
  508     58.0  -238.467500  -238.730950     0.263460
  509     57.0  -238.467510  -238.727330     0.259830
  510     57.0  -238.467520  -238.724000     0.256480
  511     56.0  -238.467530  -238.721030     0.253500
  512     55.0  -238.467540  -238.718510     0.250970
  513     55.0  -238.467550  -238.716530     0.248980
  514     55.0  -238.467560  -238.715160     0.247600
  515     55.0  -238.467570  -238.714460     0.246900
  516     55.0  -238.467580  -238.714500     0.246920
  517     55.0  -238.467590  -238.715320     0.247730
  518     55.0  -238.467600  -238.716970     0.249370
  519     56.0  -238.467610  -238.719460     0.251840
  520     56.0  -238.467620  -238.722810     0.255190
  521     57.0  -238.467630  -238.727020     0.259390
  522     58.0  -238.467640  -238.732100     0.264450
  523     60.0  -238.467650  -238.738000     0.270350
  524     61.0  -238.467660  -238.744710     0.277040
  525     63.0  -238.467670  -238.752160     0.284490
  526     65.0  -238.467680  -238.760320     0.292640
  527     67.0  -238.467690  -238.769100     0.301410
  528     69.0  -238.467700  -238.778440     0.310730
  529     71.0  -238.467720  -238.788240     0.320520
  530     73.0  -238.467730  -238.798410     0.330690
  531     75.0  -238.467730  -238.808850     0.341130
  532     78.0  -238.467740  -238.819490     0.351740
  533     80.0  -238.467750  -238.830170     0.362420
  534     82.0  -238.467750  -238.840820     0.373070
  535     85.0  -238.467760  -238.851320     0.383560
  536     87.0  -238.467770  -238.861580     0.393810
  537     89.0  -238.467770  -238.871490     0.403720
  538     91.0  -238.467770  -238.880940     0.413170
  539     93.0  -238.467770  -238.889870     0.422100
  540     95.0  -238.467770  -238.898170     0.430400
  541     97.0  -238.467770  -238.905790     0.438020
  542     98.0  -238.467760  -238.912650     0.444890
  543    100.0  -238.467750  -238.918690     0.450950
  544    101.0  -238.467750  -238.923900     0.456150
  545    102.0  -238.467740  -238.928210     0.460470
  546    103.0  -238.467730  -238.931610     0.463880
  547    103.0  -238.467720  -238.934100     0.466380
  548    103.0  -238.467710  -238.935660     0.467950
  549    104.0  -238.467690  -238.936310     0.468610
  550    104.0  -238.467680  -238.936060     0.468380
  551    103.0  -238.467660  -238.934950     0.467280
  552    103.0  -238.467650  -238.933000     0.465350
  553    102.0  -238.467630  -238.930260     0.462630
  554    101.0  -238.467610  -238.926770     0.459160
  555    101.0  -238.467590  -238.922590     0.455000
  556    100.0  -238.467570  -238.917770     0.450200
  557     98.0  -238.467540  -238.912360     0.444810
  558     97.0  -238.467530  -238.906440     0.438900
  559     96.0  -238.467520  -238.900040     0.432530
  560     94.0  -238.467500  -238.893240     0.425740
  561     93.0  -238.467470  -238.886080     0.418600
  562     91.0  -238.467460  -238.878630     0.411170
  563     89.0  -238.467440  -238.870920     0.403480
  564     87.0  -238.467420  -238.863000     0.395590
  565     86.0  -238.467400  -238.854930     0.387530
  566     84.0  -238.467380  -238.846730     0.379350
  567     82.0  -238.467360  -238.838440     0.371080
  568     80.0  -238.467340  -238.830080     0.362740
  569     78.0  -238.467320  -238.821670     0.354360
  570     76.0  -238.467300  -238.813240     0.345950
  571     75.0  -238.467280  -238.804810     0.337520
  572     73.0  -238.467260  -238.796360     0.329100
  573     71.0  -238.467240  -238.787910     0.320680
  574     69.0  -238.467230  -238.779490     0.312260
  575     67.0  -238.467210  -238.771060     0.303850
  576     65.0  -238.467190  -238.762640     0.295450
  577     63.0  -238.467170  -238.754220     0.287050
  578     62.0  -238.467160  -238.745820     0.278660
  579     60.0  -238.467150  -238.737420     0.270270
  580     58.0  -238.467130  -238.729010     0.261880
  581     56.0  -238.467100  -238.720600     0.253500
  582     54.0  -238.467090  -238.712220     0.245120
  583     52.0  -238.467080  -238.703840     0.236760
  584     50.0  -238.467060  -238.695490     0.228430
  585     49.0  -238.467040  -238.687170     0.220130
  586     47.0  -238.467040  -238.678920     0.211890
  587     45.0  -238.467020  -238.670750     0.203730
  588     43.0  -238.467010  -238.662680     0.195670
  589     41.0  -238.466990  -238.654740     0.187740
  590     40.0  -238.466980  -238.646960     0.179990
  591     38.0  -238.466970  -238.639400     0.172430
  592     36.0  -238.466960  -238.632080     0.165130
  593     35.0  -238.466950  -238.625060     0.158110
  594     33.0  -238.466940  -238.618380     0.151440
  595     32.0  -238.466930  -238.612080     0.145150
  596     31.0  -238.466920  -238.606220     0.139300
  597     30.0  -238.466910  -238.600850     0.133940
  598     29.0  -238.466910  -238.596040     0.129130
  599     28.0  -238.466900  -238.591810     0.124910
  600     27.0  -238.466900  -238.588240     0.121340
  601     26.0  -238.466890  -238.585360     0.118470
  602     26.0  -238.466880  -238.583210     0.116330
  603     25.0  -238.466890  -238.581870     0.114980
  604     25.0  -238.466890  -238.581340     0.114460
  605     25.0  -238.466890  -238.581680     0.114790
  606     26.0  -238.466880  -238.582890     0.116010
  607     26.0  -238.466880  -238.585020     0.118130
  608     27.0  -238.466890  -238.588070     0.121180
  609     28.0  -238.466890  -238.592050     0.125160
  610     29.0  -238.466900  -238.596970     0.130070
  611     30.0  -238.466910  -238.602820     0.135910
  612     32.0  -238.466910  -238.609580     0.142660
  613     33.0  -238.466920  -238.617220     0.150300
  614     35.0  -238.466930  -238.625730     0.158800
  615     37.0  -238.466950  -238.635060     0.168110
  616     39.0  -238.466960  -238.645160     0.178200
  617     42.0  -238.466980  -238.655990     0.189010
  618     44.0  -238.467000  -238.667470     0.200470
  619     47.0  -238.467010  -238.679550     0.212530
  620     50.0  -238.467030  -238.692140     0.225110
  621     53.0  -238.467050  -238.705170     0.238120
  622     56.0  -238.467070  -238.718560     0.251500
  623     59.0  -238.467080  -238.732230     0.265140
  624     62.0  -238.467100  -238.746070     0.278970
  625     65.0  -238.467120  -238.760010     0.292890
  626     68.0  -238.467140  -238.773950     0.306810
  627     71.0  -238.467160  -238.787790     0.320630
  628     74.0  -238.467180  -238.801460     0.334280
  629     77.0  -238.467200  -238.814860     0.347650
  630     80.0  -238.467220  -238.827890     0.360670
  631     83.0  -238.467240  -238.840500     0.373260
  632     85.0  -238.467260  -238.852590     0.385320
  633     88.0  -238.467280  -238.864090     0.396810
  634     90.0  -238.467300  -238.874950     0.407650
  635     92.0  -238.467320  -238.885100     0.417780
  636     94.0  -238.467350  -238.894490     0.427150
  637     96.0  -238.467360  -238.903090     0.435720
  638     98.0  -238.467380  -238.910850     0.443470
  639    100.0  -238.467400  -238.917750     0.450350
  640    101.0  -238.467420  -238.923770     0.456350
  641    102.0  -238.467430  -238.928910     0.461470
  642    103.0  -238.467450  -238.933160     0.465710
  643    104.0  -238.467470  -238.936540     0.469070
  644    104.0  -238.467480  -238.939040     0.471560
  645    105.0  -238.467490  -238.940710     0.473210
  646    105.0  -238.467510  -238.941560     0.474050
  647    105.0  -238.467520  -238.941640     0.474110
  648    105.0  -238.467530  -238.940960     0.473430
  649    104.0  -238.467550  -238.939600     0.472050
  650    104.0  -238.467560  -238.937590     0.470030
  651    103.0  -238.467570  -238.934970     0.467400
  652    103.0  -238.467590  -238.931810     0.464220
  653    102.0  -238.467590  -238.928140     0.460540
  654    101.0  -238.467600  -238.924010     0.456410
  655    100.0  -238.467610  -238.919490     0.451880
  656     99.0  -238.467620  -238.914620     0.447000
  657     98.0  -238.467630  -238.909430     0.441800
  658     96.0  -238.467630  -238.903960     0.436330
  659     95.0  -238.467640  -238.898270     0.430630
  660     94.0  -238.467650  -238.892390     0.424730
  661     93.0  -238.467660  -238.886320     0.418660
  662     91.0  -238.467670  -238.880110     0.412440
  663     90.0  -238.467680  -238.873770     0.406090
  664     88.0  -238.467680  -238.867320     0.399630
  665     87.0  -238.467690  -238.860760     0.393070
  666     85.0  -238.467690  -238.854110     0.386420
  667     84.0  -238.467690  -238.847370     0.379670
  668     82.0  -238.467700  -238.840530     0.372840
  669     81.0  -238.467700  -238.833600     0.365910
  670     79.0  -238.467700  -238.826580     0.358880
  671     78.0  -238.467700  -238.819460     0.351760
  672     76.0  -238.467700  -238.812240     0.344540
  673     75.0  -238.467700  -238.804910     0.337210
  674     73.0  -238.467700  -238.797480     0.329770
  675     71.0  -238.467700  -238.789930     0.322230
  676     70.0  -238.467690  -238.782280     0.314590
  677     68.0  -238.467690  -238.774530     0.306850
  678     66.0  -238.467690  -238.766700     0.299020
  679     64.0  -238.467680  -238.758790     0.291120
  680     63.0  -238.467670  -238.750830     0.283160
  681     61.0  -238.467670  -238.742830     0.275160
  682     59.0  -238.467660  -238.734830     0.267170
  683     57.0  -238.467640  -238.726840     0.259200
  684     56.0  -238.467640  -238.718930     0.251290
  685     54.0  -238.467620  -238.711110     0.243490
  686     52.0  -238.467610  -238.703430     0.235820
  687     50.0  -238.467590  -238.695940     0.228350
  688     49.0  -238.467580  -238.688700     0.221120
  689     47.0  -238.467560  -238.681740     0.214180
  690     46.0  -238.467560  -238.675130     0.207570
  691     45.0  -238.467540  -238.668890     0.201350
  692     43.0  -238.467520  -238.663100     0.195580
  693     42.0  -238.467500  -238.657790     0.190290
  694     41.0  -238.467490  -238.653020     0.185540
  695     40.0  -238.467480  -238.648840     0.181360
  696     39.0  -238.467460  -238.645270     0.177810
  697     39.0  -238.467440  -238.642350     0.174920
  698     38.0  -238.467420  -238.640130     0.172710
  699     38.0  -238.467410  -238.638610     0.171210
  700     38.0  -238.467380  -238.637830     0.170450
  701     38.0  -238.467370  -238.637800     0.170430
  702     38.0  -238.467360  -238.638530     0.171170
  703     38.0  -238.467340  -238.640000     0.172660
  704     39.0  -238.467320  -238.642230     0.174910
  705     39.0  -238.467310  -238.645200     0.177890
  706     40.0  -238.467290  -238.648890     0.181590
  707     41.0  -238.467280  -238.653270     0.185990
  708     42.0  -238.467260  -238.658320     0.191060
  709     43.0  -238.467250  -238.664000     0.196750
  710     45.0  -238.467240  -238.670270     0.203030
  711     46.0  -238.467220  -238.677070     0.209850
  712     48.0  -238.467210  -238.684360     0.217160
  713     50.0  -238.467190  -238.692090     0.224900
  714     52.0  -238.467180  -238.700200     0.233020
  715     53.0  -238.467170  -238.708610     0.241440
  716     55.0  -238.467160  -238.717280     0.250120
  717     57.0  -238.467150  -238.726130     0.258990
  718     59.0  -238.467130  -238.735100     0.267970
  719     61.0  -238.467130  -238.744120     0.277000
  720     63.0  -238.467110  -238.753120     0.286010
  721     65.0  -238.467090  -238.762030     0.294940
  722     67.0  -238.467090  -238.770820     0.303720
  723     69.0  -238.467080  -238.779370     0.312290
  724     71.0  -238.467080  -238.787670     0.320590
  725     73.0  -238.467070  -238.795630     0.328560
  726     74.0  -238.467060  -238.803200     0.336140
  727     76.0  -238.467050  -238.810340     0.343290
  728     77.0  -238.467040  -238.817000     0.349960
  729     79.0  -238.467030  -238.823140     0.356110
  730     80.0  -238.467030  -238.828730     0.361700
  731     81.0  -238.467020  -238.833720     0.366700
  732     82.0  -238.467010  -238.838090     0.371080
  733     83.0  -238.467010  -238.841840     0.374830
  734     84.0  -238.467000  -238.844930     0.377930
  735     84.0  -238.466980  -238.847350     0.380370
  736     84.0  -238.466990  -238.849140     0.382150
  737     85.0  -238.466980  -238.850270     0.383280
  738     85.0  -238.466970  -238.850750     0.383780
  739     85.0  -238.466970  -238.850620     0.383640
  740     85.0  -238.466970  -238.849880     0.382910
  741     84.0  -238.466960  -238.848580     0.381620
  742     84.0  -238.466960  -238.846740     0.379780
  743     83.0  -238.466960  -238.844410     0.377450
  744     83.0  -238.466960  -238.841630     0.374670
  745     82.0  -238.466950  -238.838440     0.371490
  746     81.0  -238.466960  -238.834910     0.367960
  747     80.0  -238.466950  -238.831080     0.364130
  748     80.0  -238.466950  -238.827010     0.360060
  749     79.0  -238.466960  -238.822770     0.355810
  750     78.0  -238.466950  -238.818390     0.351440
  751     77.0  -238.466960  -238.813970     0.347000
  752     76.0  -238.466970  -238.809530     0.342570
  753     75.0  -238.466970  -238.805150     0.338190
  754     74.0  -238.466970  -238.800890     0.333920
  755     73.0  -238.466980  -238.796790     0.329810
  756     72.0  -238.466980  -238.792890     0.325920
  757     71.0  -238.466980  -238.789260     0.322280
  758     70.0  -238.466990  -238.785940     0.318950
  759     70.0  -238.467000  -238.782950     0.315950
  760     69.0  -238.467010  -238.780330     0.313310
  761     69.0  -238.467020  -238.778090     0.311070
  762     68.0  -238.467030  -238.776260     0.309230
  763     68.0  -238.467040  -238.774850     0.307810
  764     68.0  -238.467060  -238.773870     0.306810
  765     68.0  -238.467070  -238.773300     0.306230
  766     68.0  -238.467080  -238.773140     0.306060
  767     68.0  -238.467090  -238.773370     0.306280
  768     68.0  -238.467110  -238.773980     0.306860
  769     68.0  -238.467130  -238.774910     0.307780
  770     68.0  -238.467140  -238.776140     0.309000
  771     69.0  -238.467160  -238.777630     0.310470
  772     69.0  -238.467180  -238.779330     0.312150
  773     69.0  -238.467200  -238.781200     0.314000
  774     70.0  -238.467220  -238.783170     0.315950
  775     70.0  -238.467240  -238.785180     0.317940
  776     71.0  -238.467260  -238.787180     0.319930
  777     71.0  -238.467270  -238.789110     0.321840
  778     72.0  -238.467290  -238.790920     0.323630
  779     72.0  -238.467310  -238.792530     0.325220
  780     72.0  -238.467330  -238.793910     0.326580
  781     72.0  -238.467350  -238.794980     0.327640
  782     73.0  -238.467370  -238.795720     0.328350
  783     73.0  -238.467390  -238.796060     0.328670
  784     73.0  -238.467400  -238.795970     0.328570
  785     73.0  -238.467420  -238.795430     0.328010
  786     72.0  -238.467430  -238.794400     0.326970
  787     72.0  -238.467450  -238.792870     0.325420
  788     71.0  -238.467460  -238.790830     0.323370
  789     71.0  -238.467480  -238.788290     0.320810
  790     70.0  -238.467490  -238.785240     0.317750
  791     69.0  -238.467500  -238.781710     0.314200
  792     69.0  -238.467520  -238.777720     0.310200
  793     68.0  -238.467520  -238.773290     0.305770
  794     67.0  -238.467530  -238.768490     0.300960
  795     65.0  -238.467540  -238.763350     0.295810
  796     64.0  -238.467550  -238.757920     0.290380
  797     63.0  -238.467550  -238.752280     0.284720
  798     62.0  -238.467560  -238.746470     0.278910
  799     60.0  -238.467570  -238.740580     0.273010
  800     59.0  -238.467570  -238.734660     0.267090
  801     58.0  -238.467580  -238.728800     0.261220
  802     56.0  -238.467580  -238.723060     0.255480
  803     55.0  -238.467590  -238.717530     0.249940
  804     54.0  -238.467590  -238.712260     0.244670
  805     53.0  -238.467590  -238.707340     0.239740
  806     52.0  -238.467600  -238.702820     0.235220
  807     51.0  -238.467590  -238.698760     0.231160
  808     50.0  -238.467600  -238.695230     0.227630
  809     50.0  -238.467600  -238.692260     0.224660
  810     49.0  -238.467600  -238.689910     0.222310
  811     49.0  -238.467600  -238.688200     0.220600
  812     49.0  -238.467600  -238.687160     0.219560
  813     48.0  -238.467600  -238.686810     0.219200
  814     49.0  -238.467600  -238.687150     0.219550
  815     49.0  -238.467600  -238.688190     0.220590
  816     49.0  -238.467600  -238.689920     0.222310
  817     50.0  -238.467600  -238.692310     0.224710
  818     50.0  -238.467600  -238.695350     0.227750
  819     51.0  -238.467600  -238.699010     0.231410
  820     52.0  -238.467600  -238.703230     0.235630
  821     53.0  -238.467600  -238.707980     0.240380
  822     54.0  -238.467600  -238.713200     0.245600
  823     56.0  -238.467590  -238.718840     0.251240
  824     57.0  -238.467590  -238.724830     0.257240
  825     58.0  -238.467590  -238.731110     0.263520
  826     60.0  -238.467580  -238.737620     0.270030
  827     61.0  -238.467570  -238.744280     0.276700
  828     63.0  -238.467580  -238.751040     0.283470
  829     64.0  -238.467560  -238.757820     0.290260
  830     66.0  -238.467560  -238.764570     0.297010
  831     67.0  -238.467560  -238.771220     0.303670
  832     69.0  -238.467550  -238.777720     0.310170
  833     70.0  -238.467540  -238.784000     0.316460
  834     71.0  -238.467530  -238.790020     0.322490
  835     73.0  -238.467520  -238.795750     0.328230
  836     74.0  -238.467510  -238.801130     0.333620
  837     75.0  -238.467500  -238.806150     0.338650
  838     76.0  -238.467480  -238.810770     0.343290
  839     77.0  -238.467470  -238.814980     0.347510
  840     78.0  -238.467460  -238.818770     0.351310
  841     78.0  -238.467440  -238.822130     0.354680
  842     79.0  -238.467430  -238.825050     0.357630
  843     80.0  -238.467410  -238.827560     0.360150
  844     80.0  -238.467400  -238.829650     0.362260
  845     80.0  -238.467380  -238.831350     0.363970
  846     81.0  -238.467370  -238.832670     0.365310
  847     81.0  -238.467350  -238.833640     0.366290
  848     81.0  -238.467330  -238.834290     0.366960
  849     81.0  -238.467320  -238.834640     0.367330
  850     81.0  -238.467290  -238.834720     0.367430
  851     81.0  -238.467270  -238.834570     0.367300
  852     81.0  -238.467260  -238.834230     0.366960
  853     81.0  -238.467250  -238.833710     0.366460
  854     81.0  -238.467230  -238.833050     0.365820
  855     81.0  -238.467220  -238.832280     0.365070
  856     81.0  -238.467200  -238.831430     0.364230
  857     80.0  -238.467180  -238.830510     0.363330
  858     80.0  -238.467170  -238.829570     0.362400
  859     80.0  -238.467150  -238.828600     0.361450
  860     80.0  -238.467140  -238.827630     0.360500
  861     79.0  -238.467120  -238.826670     0.359550
  862     79.0  -238.467110  -238.825740     0.358630
  863     79.0  -238.467090  -238.824830     0.357740
  864     79.0  -238.467080  -238.823950     0.356870
  865     79.0  -238.467060  -238.823100     0.356030
  866     79.0  -238.467050  -238.822280     0.355230
  867     78.0  -238.467040  -238.821470     0.354440
  868     78.0  -238.467020  -238.820690     0.353660
  869     78.0  -238.467010  -238.819910     0.352900
  870     78.0  -238.467010  -238.819130     0.352130
  871     78.0  -238.466990  -238.818330     0.351340
  872     77.0  -238.466990  -238.817510     0.350520
  873     77.0  -238.466980  -238.816650     0.349670
  874     77.0  -238.466970  -238.815720     0.348760
  875     77.0  -238.466960  -238.814740     0.347780
  876     77.0  -238.466960  -238.813690     0.346730
  877     76.0  -238.466950  -238.812550     0.345600
  878     76.0  -238.466950  -238.811310     0.344360
  879     76.0  -238.466940  -238.809960     0.343020
  880     76.0  -238.466930  -238.808500     0.341570
  881     75.0  -238.466930  -238.806930     0.340010
  882     75.0  -238.466930  -238.805250     0.338320
  883     74.0  -238.466920  -238.803430     0.336510
  884     74.0  -238.466920  -238.801510     0.334590
  885     74.0  -238.466920  -238.799460     0.332540
  886     73.0  -238.466920  -238.797300     0.330380
  887     73.0  -238.466920  -238.795020     0.328110
  888     72.0  -238.466920  -238.792650     0.325730
  889     71.0  -238.466920  -238.790180     0.323260
  890     71.0  -238.466920  -238.787620     0.320700
  891     70.0  -238.466920  -238.784980     0.318060
  892     70.0  -238.466920  -238.782280     0.315360
  893     69.0  -238.466930  -238.779520     0.312590
  894     68.0  -238.466930  -238.776710     0.309770
  895     68.0  -238.466940  -238.773860     0.306920
  896     67.0  -238.466950  -238.770980     0.304030
  897     67.0  -238.466950  -238.768070     0.301120
  898     66.0  -238.466960  -238.765150     0.298190
  899     65.0  -238.466970  -238.762230     0.295260
  900     65.0  -238.466980  -238.759310     0.292330
  901     64.0  -238.466990  -238.756390     0.289400
  902     63.0  -238.467000  -238.753470     0.286480
  903     63.0  -238.467010  -238.750570     0.283560
  904     62.0  -238.467020  -238.747680     0.280660
  905     61.0  -238.467030  -238.744790     0.277760
  906     61.0  -238.467050  -238.741930     0.274880
  907     60.0  -238.467060  -238.739050     0.271990
  908     59.0  -238.467070  -238.736180     0.269110
  909     59.0  -238.467080  -238.733290     0.266210
  910     58.0  -238.467100  -238.730410     0.263310
  911     58.0  -238.467120  -238.727500     0.260380
  912     57.0  -238.467130  -238.724550     0.257420
  913     56.0  -238.467150  -238.721570     0.254420
  914     56.0  -238.467160  -238.718540     0.251380
  915     55.0  -238.467180  -238.715460     0.248280
  916     54.0  -238.467200  -238.712320     0.245120
  917     53.0  -238.467210  -238.709110     0.241900
  918     53.0  -238.467230  -238.705820     0.238600
  919     52.0  -238.467240  -238.702460     0.235220
  920     51.0  -238.467260  -238.699030     0.231770
  921     50.0  -238.467270  -238.695530     0.228250
  922     50.0  -238.467290  -238.691950     0.224660
  923     49.0  -238.467310  -238.688320     0.221010
  924     48.0  -238.467320  -238.684640     0.217320
  925     47.0  -238.467340  -238.680920     0.213590
  926     46.0  -238.467360  -238.677200     0.209850
  927     46.0  -238.467370  -238.673480     0.206110
  928     45.0  -238.467380  -238.669800     0.202420
  929     44.0  -238.467390  -238.666190     0.198800
  930     43.0  -238.467410  -238.662690     0.195280
  931     42.0  -238.467420  -238.659340     0.191920
  932     42.0  -238.467430  -238.656170     0.188740
  933     41.0  -238.467440  -238.653230     0.185790
  934     40.0  -238.467440  -238.650580     0.183140
  935     40.0  -238.467460  -238.648280     0.180820
  936     40.0  -238.467470  -238.646370     0.178900
  937     39.0  -238.467480  -238.644910     0.177430
  938     39.0  -238.467490  -238.643950     0.176460
  939     39.0  -238.467500  -238.643550     0.176050
  940     39.0  -238.467500  -238.643770     0.176260
  941     39.0  -238.467510  -238.644650     0.177140
  942     40.0  -238.467520  -238.646250     0.178740
  943     40.0  -238.467520  -238.648620     0.181100
  944     41.0  -238.467530  -238.651800     0.184270
  945     42.0  -238.467530  -238.655810     0.188280
  946     43.0  -238.467540  -238.660700     0.193160
  947     44.0  -238.467550  -238.666480     0.198940
  948     45.0  -238.467550  -238.673180     0.205620
  949     47.0  -238.467550  -238.680780     0.213230
  950     49.0  -238.467570  -238.689310     0.221740
  951     51.0  -238.467570  -238.698730     0.231160
  952     53.0  -238.467570  -238.709030     0.241450
  953     56.0  -238.467580  -238.720170     0.252600
  954     58.0  -238.467580  -238.732120     0.264540
  955     61.0  -238.467590  -238.744820     0.277230
  956     64.0  -238.467590  -238.758210     0.290620
  957     67.0  -238.467590  -238.772210     0.304610
  958     71.0  -238.467600  -238.786740     0.319150
  959     74.0  -238.467600  -238.801730     0.334120
  960     77.0  -238.467610  -238.817050     0.349440
  961     81.0  -238.467610  -238.832620     0.365010
  962     84.0  -238.467610  -238.848310     0.380710
  963     88.0  -238.467610  -238.864030     0.396420
  964     91.0  -238.467610  -238.879640     0.412030
  965     94.0  -238.467610  -238.895030     0.427420
  966     98.0  -238.467600  -238.910070     0.442470
  967    101.0  -238.467600  -238.924650     0.457050
  968    104.0  -238.467610  -238.938640     0.471040
  969    107.0  -238.467600  -238.951930     0.484320
  970    110.0  -238.467600  -238.964390     0.496790
  971    112.0  -238.467590  -238.975920     0.508320
  972    115.0  -238.467590  -238.986420     0.518830
  973    117.0  -238.467580  -238.995800     0.528220
  974    119.0  -238.467580  -239.003970     0.536390
  975    120.0  -238.467560  -239.010850     0.543280
  976    121.0  -238.467550  -239.016370     0.548820
  977    122.0  -238.467540  -239.020500     0.552960
  978    123.0  -238.467530  -239.023180     0.555650
  979    123.0  -238.467520  -239.024380     0.556860
  980    123.0  -238.467500  -239.024080     0.556580
  981    123.0  -238.467490  -239.022270     0.554790
  982    122.0  -238.467460  -239.018970     0.551510
  983    121.0  -238.467450  -239.014200     0.546750
  984    119.0  -238.467430  -239.007980     0.540550
  985    118.0  -238.467410  -239.000360     0.532940
  986    116.0  -238.467400  -238.991390     0.523990
  987    114.0  -238.467370  -238.981130     0.513770
  988    111.0  -238.467360  -238.969700     0.502340
  989    108.0  -238.467340  -238.957130     0.489790
  990    105.0  -238.467310  -238.943540     0.476220
  991    102.0  -238.467290  -238.929030     0.461740
  992     99.0  -238.467260  -238.913700     0.446440
  993     95.0  -238.467240  -238.897690     0.430440
  994     91.0  -238.467220  -238.881090     0.413870
  995     88.0  -238.467200  -238.864040     0.396840
  996     84.0  -238.467180  -238.846650     0.379480
  997     80.0  -238.467150  -238.829050     0.361900
  998     76.0  -238.467130  -238.811370     0.344240
  999     72.0  -238.467110  -238.793720     0.326610
 1000     68.0  -238.467080  -238.776210     0.309130
 1001     65.0  -238.467060  -238.758980     0.291920
 1002     61.0  -238.467040  -238.742120     0.275070
 1003     57.0  -238.467020  -238.725730     0.258700
 1004     54.0  -238.467000  -238.709910     0.242910
 1005     50.0  -238.466980  -238.694750     0.227770
 1006     47.0  -238.466960  -238.680340     0.213370
 1007     44.0  -238.466940  -238.666720     0.199780
 1008     41.0  -238.466920  -238.653990     0.187070
 1009     39.0  -238.466920  -238.642200     0.175290
 1010     36.0  -238.466910  -238.631380     0.164470
 1011     34.0  -238.466890  -238.621550     0.154650
 1012     32.0  -238.466890  -238.612750     0.145860
 1013     31.0  -238.466880  -238.604990     0.138110
 1014     29.0  -238.466870  -238.598280     0.131410
 1015     28.0  -238.466860  -238.592600     0.125740
 1016     27.0  -238.466850  -238.587960     0.121110
 1017     26.0  -238.466850  -238.584320     0.117470
 1018     25.0  -238.466840  -238.581660     0.114820
 1019     25.0  -238.466840  -238.579940     0.113100
 1020     25.0  -238.466840  -238.579130     0.112290
 1021     25.0  -238.466840  -238.579170     0.112330
 1022     25.0  -238.466840  -238.580020     0.113180
 1023     25.0  -238.466840  -238.581610     0.114780
 1024     26.0  -238.466830  -238.583910     0.117070
 1025     27.0  -238.466840  -238.586840     0.120010
 1026     27.0  -238.466840  -238.590360     0.123520
 1027     28.0  -238.466840  -238.594400     0.127560
 1028     29.0  -238.466850  -238.598910     0.132060
 1029     30.0  -238.466850  -238.603820     0.136970
 1030     31.0  -238.466860  -238.609100     0.142240
 1031     33.0  -238.466860  -238.614680     0.147820
 1032     34.0  -238.466870  -238.620530     0.153660
 1033     35.0  -238.466880  -238.626600     0.159720
 1034     37.0  -238.466880  -238.632850     0.165970
 1035     38.0  -238.466890  -238.639250     0.172360
 1036     40.0  -238.466900  -238.645780     0.178870
 1037     41.0  -238.466910  -238.652400     0.185490
 1038     42.0  -238.466920  -238.659100     0.192180
 1039     44.0  -238.466930  -238.665870     0.198940
 1040     45.0  -238.466940  -238.672700     0.205760
 1041     47.0  -238.466950  -238.679590     0.212640
 1042     49.0  -238.466960  -238.686530     0.219570
 1043     50.0  -238.466970  -238.693540     0.226570
 1044     52.0  -238.466980  -238.700610     0.233630
 1045     53.0  -238.466990  -238.707770     0.240780
 1046     55.0  -238.467000  -238.715010     0.248010
 1047     56.0  -238.467020  -238.722360     0.255350
 1048     58.0  -238.467030  -238.729830     0.262800
 1049     60.0  -238.467040  -238.737430     0.270390
 1050     61.0  -238.467050  -238.745170     0.278120
 1051     63.0  -238.467070  -238.753070     0.286000
 1052     65.0  -238.467080  -238.761130     0.294050
 1053     67.0  -238.467100  -238.769360     0.302270
 1054     69.0  -238.467120  -238.777770     0.310660
 1055     71.0  -238.467130  -238.786340     0.319210
 1056     72.0  -238.467150  -238.795070     0.327920
 1057     74.0  -238.467170  -238.803950     0.336780
 1058     76.0  -238.467170  -238.812940     0.345770
 1059     78.0  -238.467200  -238.822050     0.354850
 1060     80.0  -238.467230  -238.831230     0.364010
 1061     82.0  -238.467240  -238.840440     0.373190
 1062     85.0  -238.467260  -238.849630     0.382370
 1063     87.0  -238.467290  -238.858770     0.391480
 1064     89.0  -238.467310  -238.867790     0.400480
 1065     90.0  -238.467320  -238.876630     0.409310
 1066     92.0  -238.467350  -238.885240     0.417900
 1067     94.0  -238.467370  -238.893550     0.426180
 1068     96.0  -238.467390  -238.901480     0.434090
 1069     98.0  -238.467410  -238.908970     0.441550
 1070     99.0  -238.467430  -238.915940     0.448500
 1071    101.0  -238.467450  -238.922320     0.454870
 1072    102.0  -238.467470  -238.928060     0.460590
 1073    103.0  -238.467490  -238.933080     0.465590
 1074    104.0  -238.467500  -238.937320     0.469820
 1075    105.0  -238.467520  -238.940740     0.473220
 1076    105.0  -238.467530  -238.943270     0.475740
 1077    106.0  -238.467550  -238.944890     0.477340
 1078    106.0  -238.467560  -238.945560     0.478000
 1079    106.0  -238.467570  -238.945250     0.477680
 1080    105.0  -238.467590  -238.943970     0.476380
 1081    105.0  -238.467600  -238.941690     0.474090
 1082    104.0  -238.467610  -238.938420     0.470810
 1083    103.0  -238.467620  -238.934190     0.466570
 1084    102.0  -238.467620  -238.929020     0.461390
 1085    101.0  -238.467620  -238.922930     0.455310
 1086     99.0  -238.467630  -238.916010     0.448380
 1087     97.0  -238.467640  -238.908290     0.440650
 1088     96.0  -238.467640  -238.899820     0.432180
 1089     94.0  -238.467640  -238.890690     0.423060
 1090     91.0  -238.467630  -238.880990     0.413360
 1091     89.0  -238.467630  -238.870790     0.403160
 1092     87.0  -238.467630  -238.860180     0.392550
 1093     84.0  -238.467620  -238.849260     0.381640
 1094     82.0  -238.467620  -238.838130     0.370510
 1095     79.0  -238.467610  -238.826870     0.359260
 1096     77.0  -238.467600  -238.815590     0.347990
 1097     74.0  -238.467600  -238.804380     0.336780
 1098     72.0  -238.467590  -238.793330     0.325730
 1099     70.0  -238.467580  -238.782510     0.314930
 1100     67.0  -238.467580  -238.772020     0.304450
 1101     65.0  -238.467570  -238.761930     0.294360
 1102     63.0  -238.467560  -238.752300     0.284740
 1103     61.0  -238.467550  -238.743190     0.275640
 1104     59.0  -238.467540  -238.734650     0.267110
 1105     57.0  -238.467530  -238.726730     0.259200
 1106     56.0  -238.467530  -238.719460     0.251930
 1107     54.0  -238.467520  -238.712850     0.245340
 1108     53.0  -238.467510  -238.706930     0.239430
 1109     52.0  -238.467500  -238.701710     0.234210
 1110     51.0  -238.467490  -238.697170     0.229690
 1111     50.0  -238.467480  -238.693320     0.225840
 1112     49.0  -238.467470  -238.690130     0.222670
 1113     49.0  -238.467450  -238.687590     0.220130
 1114     48.0  -238.467440  -238.685660     0.218210
 1115     48.0  -238.467430  -238.684300     0.216870
 1116     48.0  -238.467410  -238.683490     0.216070
 1117     48.0  -238.467400  -238.683180     0.215770
 1118     48.0  -238.467390  -238.683330     0.215940
 1119     48.0  -238.467370  -238.683890     0.216510
 1120     48.0  -238.467360  -238.684820     0.217460
 1121     48.0  -238.467350  -238.686090     0.218740
 1122     49.0  -238.467340  -238.687630     0.220300
 1123     49.0  -238.467330  -238.689420     0.222090
 1124     50.0  -238.467310  -238.691410     0.224100
 1125     50.0  -238.467300  -238.693560     0.226270
 1126     51.0  -238.467280  -238.695850     0.228570
 1127     51.0  -238.467270  -238.698250     0.230980
 1128     52.0  -238.467250  -238.700720     0.233470
 1129     52.0  -238.467230  -238.703250     0.236010
 1130     53.0  -238.467220  -238.705820     0.238600
 1131     53.0  -238.467200  -238.708420     0.241210
 1132     54.0  -238.467190  -238.711030     0.243840
 1133     54.0  -238.467160  -238.713640     0.246480
 1134     55.0  -238.467150  -238.716270     0.249120
 1135     56.0  -238.467140  -238.718910     0.251770
 1136     56.0  -238.467120  -238.721540     0.254420
 1137     57.0  -238.467100  -238.724180     0.257090
 1138     57.0  -238.467090  -238.726850     0.259760
 1139     58.0  -238.467070  -238.729540     0.262460
 1140     59.0  -238.467060  -238.732250     0.265190
 1141     59.0  -238.467040  -238.734990     0.267950
 1142     60.0  -238.467030  -238.737780     0.270750
 1143     60.0  -238.467010  -238.740610     0.273600
 1144     61.0  -238.467000  -238.743480     0.276490
 1145     62.0  -238.466990  -238.746420     0.279430
 1146     62.0  -238.466980  -238.749400     0.282420
 1147     63.0  -238.466960  -238.752420     0.285460
 1148     64.0  -238.466950  -238.755490     0.288540
 1149     64.0  -238.466940  -238.758590     0.291650
 1150     65.0  -238.466940  -238.761730     0.294790
 1151     66.0  -238.466920  -238.764860     0.297940
 1152     67.0  -238.466910  -238.768000     0.301090
 1153     67.0  -238.466910  -238.771120     0.304220
 1154     68.0  -238.466900  -238.774210     0.307300
 1155     69.0  -238.466900  -238.777230     0.310330
 1156     69.0  -238.466890  -238.780160     0.313270
 1157     70.0  -238.466890  -238.783000     0.316110
 1158     70.0  -238.466890  -238.785700     0.318810
 1159     71.0  -238.466880  -238.788240     0.321360
 1160     72.0  -238.466870  -238.790600     0.323730
 1161     72.0  -238.466880  -238.792770     0.325890
 1162     72.0  -238.466870  -238.794710     0.327830
 1163     73.0  -238.466870  -238.796400     0.329520
 1164     73.0  -238.466870  -238.797820     0.330950
 1165     73.0  -238.466870  -238.798970     0.332100
 1166     74.0  -238.466870  -238.799830     0.332960
 1167     74.0  -238.466870  -238.800390     0.333510
 1168     74.0  -238.466870  -238.800630     0.333760
 1169     74.0  -238.466880  -238.800580     0.333700
 1170     74.0  -238.466880  -238.800220     0.333330
 1171     74.0  -238.466890  -238.799560     0.332670
 1172     73.0  -238.466890  -238.798610     0.331720
 1173     73.0  -238.466900  -238.797400     0.330500
 1174     73.0  -238.466900  -238.795930     0.329030
 1175     72.0  -238.466910  -238.794230     0.327330
 1176     72.0  -238.466910  -238.792340     0.325430
 1177     71.0  -238.466920  -238.790280     0.323370
 1178     71.0  -238.466920  -238.788090     0.321170
 1179     70.0  -238.466930  -238.785810     0.318880
 1180     70.0  -238.466940  -238.783470     0.316540
 1181     69.0  -238.466940  -238.781120     0.314180
 1182     69.0  -238.466950  -238.778810     0.311850
 1183     68.0  -238.466960  -238.776560     0.309600
 1184     68.0  -238.466970  -238.774420     0.307460
 1185     68.0  -238.466980  -238.772450     0.305470
 1186     67.0  -238.466990  -238.770680     0.303690
 1187     67.0  -238.467000  -238.769140     0.302140
 1188     67.0  -238.467010  -238.767870     0.300860
 1189     66.0  -238.467020  -238.766910     0.299890
 1190     66.0  -238.467030  -238.766280     0.299250
 1191     66.0  -238.467040  -238.766000     0.298970
 1192     66.0  -238.467050  -238.766110     0.299060
 1193     66.0  -238.467070  -238.766600     0.299540
 1194     66.0  -238.467080  -238.767490     0.300410
 1195     67.0  -238.467100  -238.768780     0.301690
 1196     67.0  -238.467100  -238.770460     0.303360
 1197     68.0  -238.467120  -238.772520     0.305410
 1198     68.0  -238.467140  -238.774970     0.307830
 1199     69.0  -238.467160  -238.777750     0.310590
 1200     69.0  -238.467180  -238.780850     0.313680
 1201     70.0  -238.467190  -238.784240     0.317040
 1202     71.0  -238.467220  -238.787870     0.320650
 1203     72.0  -238.467240  -238.791700     0.324460
 1204     73.0  -238.467250  -238.795680     0.328420
 1205     73.0  -238.467270  -238.799760     0.332490
 1206     74.0  -238.467290  -238.803880     0.336590
 1207     75.0  -238.467310  -238.808000     0.340690
 1208     76.0  -238.467330  -238.812040     0.344710
 1209     77.0  -238.467340  -238.815950     0.348610
 1210     78.0  -238.467360  -238.819660     0.352310
 1211     79.0  -238.467380  -238.823130     0.355760
 1212     79.0  -238.467400  -238.826290     0.358900
 1213     80.0  -238.467410  -238.829080     0.361670
 1214     80.0  -238.467420  -238.831450     0.364030
 1215     81.0  -238.467440  -238.833360     0.365920
 1216     81.0  -238.467450  -238.834760     0.367300
 1217     81.0  -238.467460  -238.835600     0.368140
 1218     81.0  -238.467480  -238.835870     0.368390
 1219     81.0  -238.467480  -238.835510     0.368030
 1220     81.0  -238.467490  -238.834530     0.367040
 1221     81.0  -238.467510  -238.832920     0.365410
 1222     80.0  -238.467520  -238.830650     0.363130
 1223     80.0  -238.467530  -238.827740     0.360210
 1224     79.0  -238.467540  -238.824190     0.356650
 1225     78.0  -238.467550  -238.820020     0.352470
 1226     77.0  -238.467550  -238.815250     0.347700
 1227     76.0  -238.467560  -238.809940     0.342380
 1228     74.0  -238.467570  -238.804100     0.336530
 1229     73.0  -238.467560  -238.797770     0.330210
 1230     72.0  -238.467560  -238.791040     0.323480
 1231     70.0  -238.467560  -238.783950     0.316390
 1232     68.0  -238.467560  -238.776550     0.309000
 1233     67.0  -238.467560  -238.768940     0.301390
 1234     65.0  -238.467560  -238.761180     0.293620
 1235     63.0  -238.467540  -238.753320     0.285780
 1236     61.0  -238.467550  -238.745480     0.277940
 1237     60.0  -238.467540  -238.737710     0.270170
 1238     58.0  -238.467540  -238.730100     0.262560
 1239     56.0  -238.467530  -238.722710     0.255180
 1240     55.0  -238.467530  -238.715620     0.248100
 1241     53.0  -238.467520  -238.708910     0.241390
 1242     52.0  -238.467510  -238.702630     0.235120
 1243     51.0  -238.467500  -238.696860     0.229360
 1244     50.0  -238.467500  -238.691640     0.224140
 1245     49.0  -238.467490  -238.687020     0.219540
 1246     48.0  -238.467480  -238.683060     0.215580
 1247     47.0  -238.467480  -238.679770     0.212300
 1248     46.0  -238.467470  -238.677190     0.209730
 1249     46.0  -238.467460  -238.675330     0.207880
 1250     46.0  -238.467450  -238.674210     0.206760
 1251     46.0  -238.467440  -238.673830     0.206390
 1252     46.0  -238.467430  -238.674170     0.206740
 1253     46.0  -238.467420  -238.675220     0.207800
 1254     46.0  -238.467420  -238.676960     0.209550
 1255     47.0  -238.467410  -238.679360     0.211950
 1256     48.0  -238.467400  -238.682380     0.214980
 1257     48.0  -238.467390  -238.685970     0.218580
 1258     49.0  -238.467380  -238.690090     0.222710
 1259     50.0  -238.467370  -238.694680     0.227320
 1260     51.0  -238.467360  -238.699690     0.232330
 1261     53.0  -238.467350  -238.705050     0.237700
 1262     54.0  -238.467330  -238.710690     0.243360
 1263     55.0  -238.467320  -238.716570     0.249250
 1264     56.0  -238.467310  -238.722610     0.255300
 1265     58.0  -238.467300  -238.728740     0.261450
 1266     59.0  -238.467280  -238.734920     0.267630
 1267     61.0  -238.467280  -238.741080     0.273800
 1268     62.0  -238.467260  -238.747160     0.279900
 1269     63.0  -238.467250  -238.753110     0.285870
 1270     64.0  -238.467230  -238.758900     0.291670
 1271     66.0  -238.467220  -238.764470     0.297260
 1272     67.0  -238.467200  -238.769800     0.302600
 1273     68.0  -238.467190  -238.774850     0.307670
 1274     69.0  -238.467170  -238.779610     0.312440
 1275     70.0  -238.467160  -238.784050     0.316890
 1276     71.0  -238.467140  -238.788170     0.321030
 1277     72.0  -238.467120  -238.791960     0.324840
 1278     73.0  -238.467110  -238.795430     0.328320
 1279     73.0  -238.467090  -238.798580     0.331490
 1280     74.0  -238.467060  -238.801420     0.334360
 1281     74.0  -238.467040  -238.803990     0.336950
 1282     75.0  -238.467040  -238.806310     0.339270
 1283     75.0  -238.467020  -238.808390     0.341370
 1284     76.0  -238.467010  -238.810270     0.343260
 1285     76.0  -238.467000  -238.811980     0.344980
 1286     77.0  -238.466970  -238.813540     0.346570
 1287     77.0  -238.466970  -238.815030     0.348060
 1288     77.0  -238.466960  -238.816430     0.349480
 1289     78.0  -238.466940  -238.817810     0.350870
 1290     78.0  -238.466920  -238.819190     0.352260
 1291     78.0  -238.466920  -238.820610     0.353690
 1292     79.0  -238.466900  -238.822080     0.355190
 1293     79.0  -238.466890  -238.823670     0.356770
 1294     79.0  -238.466890  -238.825360     0.358470
 1295     80.0  -238.466870  -238.827170     0.360300
 1296     80.0  -238.466860  -238.829140     0.362270
 1297     81.0  -238.466860  -238.831260     0.364400
 1298     81.0  -238.466850  -238.833530     0.366680
 1299     82.0  -238.466840  -238.835960     0.369120
 1300     82.0  -238.466840  -238.838540     0.371700
 1301     83.0  -238.466830  -238.841250     0.374420
 1302     83.0  -238.466820  -238.844070     0.377250
 1303     84.0  -238.466820  -238.847000     0.380170
 1304     85.0  -238.466830  -238.849990     0.383160
 1305     85.0  -238.466830  -238.853010     0.386190
 1306     86.0  -238.466820  -238.856020     0.389200
 1307     87.0  -238.466830  -238.859000     0.392180
 1308     87.0  -238.466830  -238.861890     0.395060
 1309     88.0  -238.466830  -238.864640     0.397810
 1310     88.0  -238.466830  -238.867210     0.400380
 1311     89.0  -238.466850  -238.869560     0.402710
 1312     89.0  -238.466850  -238.871600     0.404760
 1313     90.0  -238.466850  -238.873320     0.406470
 1314     90.0  -238.466860  -238.874660     0.407800
 1315     90.0  -238.466870  -238.875560     0.408690
 1316     90.0  -238.466880  -238.875970     0.409090
 1317     90.0  -238.466880  -238.875860     0.408970
 1318     90.0  -238.466890  -238.875170     0.408280
 1319     90.0  -238.466910  -238.873890     0.406980
 1320     90.0  -238.466910  -238.871960     0.405050
 1321     89.0  -238.466930  -238.869360     0.402440
 1322     88.0  -238.466930  -238.866070     0.399140
 1323     87.0  -238.466950  -238.862080     0.395140
 1324     86.0  -238.466960  -238.857370     0.390410
 1325     85.0  -238.466970  -238.851940     0.384970
 1326     84.0  -238.466980  -238.845780     0.378810
 1327     82.0  -238.466980  -238.838920     0.371940
 1328     81.0  -238.466990  -238.831380     0.364390
 1329     79.0  -238.467010  -238.823180     0.356170
 1330     77.0  -238.467020  -238.814350     0.347320
 1331     75.0  -238.467030  -238.804920     0.337880
 1332     72.0  -238.467040  -238.794940     0.327910
 1333     70.0  -238.467060  -238.784500     0.317440
 1334     68.0  -238.467070  -238.773610     0.306540
 1335     65.0  -238.467080  -238.762360     0.295280
 1336     63.0  -238.467080  -238.750810     0.283730
 1337     60.0  -238.467100  -238.739050     0.271950
 1338     57.0  -238.467110  -238.727150     0.260040
 1339     55.0  -238.467120  -238.715180     0.248060
 1340     52.0  -238.467130  -238.703240     0.236110
 1341     50.0  -238.467140  -238.691410     0.224270
 1342     47.0  -238.467150  -238.679780     0.212620
 1343     44.0  -238.467170  -238.668420     0.201260
 1344     42.0  -238.467170  -238.657420     0.190250
 1345     40.0  -238.467190  -238.646880     0.179690
 1346     37.0  -238.467210  -238.636860     0.169650
 1347     35.0  -238.467220  -238.627430     0.160210
 1348     33.0  -238.467220  -238.618660     0.151440
 1349     32.0  -238.467240  -238.610640     0.143400
 1350     30.0  -238.467260  -238.603400     0.136150
 1351     29.0  -238.467270  -238.597010     0.129740
 1352     27.0  -238.467280  -238.591500     0.124220
 1353     26.0  -238.467290  -238.586920     0.119630
 1354     26.0  -238.467310  -238.583310     0.116000
 1355     25.0  -238.467320  -238.580660     0.113350
 1356     25.0  -238.467330  -238.579020     0.111690
 1357     25.0  -238.467340  -238.578370     0.111030
 1358     25.0  -238.467350  -238.578720     0.111370
 1359     25.0  -238.467370  -238.580070     0.112700
 1360     25.0  -238.467380  -238.582390     0.115010
 1361     26.0  -238.467390  -238.585650     0.118260
 1362     27.0  -238.467400  -238.589840     0.122440
 1363     28.0  -238.467420  -238.594920     0.127500
 1364     29.0  -238.467430  -238.600830     0.133410
 1365     31.0  -238.467440  -238.607550     0.140110
 1366     33.0  -238.467450  -238.615020     0.147560
 1367     34.0  -238.467470  -238.623180     0.155710
 1368     36.0  -238.467480  -238.631980     0.164500
 1369     38.0  -238.467490  -238.641360     0.173870
 1370     41.0  -238.467500  -238.651270     0.183770
 1371     43.0  -238.467510  -238.661640     0.194140
 1372     45.0  -238.467510  -238.672420     0.204910
 1373     48.0  -238.467520  -238.683550     0.216030
 1374     50.0  -238.467530  -238.694980     0.227450
 1375     53.0  -238.467530  -238.706640     0.239110
 1376     55.0  -238.467540  -238.718490     0.250950
 1377     58.0  -238.467540  -238.730480     0.262940
 1378     61.0  -238.467550  -238.742560     0.275010
 1379     63.0  -238.467550  -238.754690     0.287140
 1380     66.0  -238.467550  -238.766820     0.299270
 1381     69.0  -238.467550  -238.778920     0.311370
 1382     71.0  -238.467550  -238.790960     0.323410
 1383     74.0  -238.467550  -238.802890     0.335340
 1384     77.0  -238.467540  -238.814700     0.347150
 1385     79.0  -238.467540  -238.826340     0.358800
 1386     82.0  -238.467530  -238.837800     0.370270
 1387     84.0  -238.467530  -238.849060     0.381530
 1388     87.0  -238.467520  -238.860080     0.392560
 1389     89.0  -238.467520  -238.870840     0.403320
 1390     91.0  -238.467510  -238.881330     0.413810
 1391     94.0  -238.467500  -238.891500     0.424000
 1392     96.0  -238.467490  -238.901350     0.433860
 1393     98.0  -238.467480  -238.910850     0.443370
 1394    100.0  -238.467480  -238.919970     0.452500
 1395    102.0  -238.467460  -238.928690     0.461220
 1396    104.0  -238.467450  -238.936970     0.469510
 1397    106.0  -238.467440  -238.944790     0.477350
 1398    107.0  -238.467430  -238.952110     0.484680
 1399    109.0  -238.467420  -238.958920     0.491490
 1400    110.0  -238.467410  -238.965150     0.497750
 1401    111.0  -238.467390  -238.970790     0.503400
 1402    112.0  -238.467380  -238.975800     0.508420
 1403    113.0  -238.467370  -238.980140     0.512780
 1404    114.0  -238.467350  -238.983780     0.516420
 1405    115.0  -238.467330  -238.986660     0.519330
 1406    115.0  -238.467320  -238.988780     0.521460
 1407    116.0  -238.467310  -238.990070     0.522770
 1408    116.0  -238.467290  -238.990530     0.523230
 1409    116.0  -238.467280  -238.990100     0.522820
 1410    115.0  -238.467260  -238.988770     0.521510
 1411    115.0  -238.467240  -238.986510     0.519270
 1412    114.0  -238.467230  -238.983310     0.516080
 1413    113.0  -238.467210  -238.979140     0.511930
 1414    112.0  -238.467190  -238.974000     0.506800
 1415    111.0  -238.467170  -238.967880     0.500710
 1416    109.0  -238.467160  -238.960790     0.493640
 1417    107.0  -238.467140  -238.952750     0.485610
 1418    105.0  -238.467120  -238.943740     0.476630
 1419    103.0  -238.467100  -238.933830     0.466720
 1420    101.0  -238.467090  -238.923010     0.455930
 1421     98.0  -238.467070  -238.911340     0.444280
 1422     95.0  -238.467040  -238.898870     0.431820
 1423     93.0  -238.467030  -238.885640     0.418610
 1424     89.0  -238.467000  -238.871710     0.404710
 1425     86.0  -238.466980  -238.857160     0.390170
 1426     83.0  -238.466960  -238.842050     0.375080
 1427     79.0  -238.466940  -238.826460     0.359520
 1428     76.0  -238.466920  -238.810490     0.343570
 1429     72.0  -238.466900  -238.794210     0.327310
 1430     69.0  -238.466880  -238.777730     0.310850
 1431     65.0  -238.466870  -238.761140     0.294270
 1432     61.0  -238.466850  -238.744530     0.277690
 1433     58.0  -238.466830  -238.728010     0.261190
 1434     54.0  -238.466810  -238.711690     0.244880
 1435     51.0  -238.466800  -238.695660     0.228860
 1436     47.0  -238.466780  -238.680020     0.213240
 1437     44.0  -238.466770  -238.664880     0.198110
 1438     41.0  -238.466760  -238.650320     0.183560
 1439     38.0  -238.466740  -238.636440     0.169700
 1440     35.0  -238.466730  -238.623340     0.156610
 1441     32.0  -238.466720  -238.611090     0.144370
 1442     29.0  -238.466710  -238.599770     0.133060
 1443     27.0  -238.466700  -238.589450     0.122750
 1444     25.0  -238.466700  -238.580200     0.113500
 1445     23.0  -238.466690  -238.572060     0.105370
 1446     22.0  -238.466690  -238.565100     0.098408
 1447     20.0  -238.466690  -238.559330     0.092647
 1448     19.0  -238.466680  -238.554800     0.088115
 1449     19.0  -238.466680  -238.551510     0.084832
 1450     18.0  -238.466680  -238.549490     0.082806
 1451     18.0  -238.466690  -238.548720     0.082036
 1452     18.0  -238.466690  -238.549200     0.082511
 1453     19.0  -238.466690  -238.550900     0.084210
 1454     19.0  -238.466700  -238.553800     0.087102
 1455     20.0  -238.466710  -238.557850     0.091149
 1456     21.0  -238.466710  -238.563020     0.096303
 1457     23.0  -238.466720  -238.569230     0.102510
 1458     24.0  -238.466730  -238.576430     0.109700
 1459     26.0  -238.466750  -238.584550     0.117810
 1460     28.0  -238.466760  -238.593510     0.126750
 1461     30.0  -238.466770  -238.603230     0.136460
 1462     32.0  -238.466790  -238.613620     0.146840
 1463     35.0  -238.466800  -238.624600     0.157790
 1464     37.0  -238.466810  -238.636060     0.169240
 1465     40.0  -238.466840  -238.647930     0.181090
 1466     43.0  -238.466860  -238.660090     0.193240
 1467     45.0  -238.466880  -238.672470     0.205590
 1468     48.0  -238.466890  -238.684960     0.218060
 1469     51.0  -238.466910  -238.697480     0.230560
 1470     54.0  -238.466930  -238.709930     0.243000
 1471     56.0  -238.466940  -238.722240     0.255300
 1472     59.0  -238.466970  -238.734340     0.267370
 1473     62.0  -238.466990  -238.746140     0.279150
 1474     64.0  -238.467010  -238.757580     0.290570
 1475     67.0  -238.467030  -238.768600     0.301570
 1476     69.0  -238.467040  -238.779150     0.312100
 1477     71.0  -238.467060  -238.789170     0.322110
 1478     73.0  -238.467080  -238.798640     0.331560
 1479     75.0  -238.467100  -238.807520     0.340420
 1480     77.0  -238.467120  -238.815800     0.348670
 1481     79.0  -238.467140  -238.823440     0.356300
 1482     80.0  -238.467160  -238.830450     0.363290
 1483     82.0  -238.467180  -238.836820     0.369640
 1484     83.0  -238.467190  -238.842550     0.375360
 1485     84.0  -238.467210  -238.847660     0.380450
 1486     85.0  -238.467230  -238.852170     0.384940
 1487     86.0  -238.467240  -238.856090     0.388840
 1488     87.0  -238.467260  -238.859440     0.392180
 1489     87.0  -238.467280  -238.862260     0.394990
 1490     88.0  -238.467290  -238.864580     0.397290
 1491     88.0  -238.467300  -238.866420     0.399110
 1492     89.0  -238.467320  -238.867820     0.400500
 1493     89.0  -238.467330  -238.868810     0.401480
 1494     89.0  -238.467350  -238.869430     0.402080
 1495     89.0  -238.467360  -238.869710     0.402340
 1496     89.0  -238.467380  -238.869670     0.402290
 1497     89.0  -238.467390  -238.869340     0.401950
 1498     89.0  -238.467410  -238.868760     0.401350
 1499     89.0  -238.467420  -238.867930     0.400510
 1500     88.0  -238.467430  -238.866890     0.399460
 1501     88.0  -238.467440  -238.865650     0.398210
 1502     88.0  -238.467450  -238.864230     0.396770
 1503     87.0  -238.467460  -238.862630     0.395160
 1504     87.0  -238.467480  -238.860860     0.393380
 1505     87.0  -238.467480  -238.858930     0.391440
 1506     86.0  -238.467490  -238.856840     0.389340
 1507     86.0  -238.467500  -238.854590     0.387090
 1508     85.0  -238.467510  -238.852180     0.384670
 1509     84.0  -238.467500  -238.849600     0.382100
 1510     84.0  -238.467500  -238.846870     0.379370
 1511     83.0  -238.467530  -238.844000     0.376480
 1512     83.0  -238.467540  -238.840960     0.373420
 1513     82.0  -238.467540  -238.837740     0.370200
 1514     81.0  -238.467540  -238.834360     0.366820
 1515     80.0  -238.467540  -238.830820     0.363280
 1516     79.0  -238.467540  -238.827130     0.359590
 1517     79.0  -238.467550  -238.823310     0.355760
 1518     78.0  -238.467550  -238.819350     0.351800
 1519     77.0  -238.467550  -238.815270     0.347720
 1520     76.0  -238.467540  -238.811090     0.343550
 1521     75.0  -238.467530  -238.806830     0.339290
 1522     74.0  -238.467530  -238.802520     0.334990
 1523     73.0  -238.467520  -238.798180     0.330660
 1524     72.0  -238.467510  -238.793840     0.326330
 1525     71.0  -238.467500  -238.789530     0.322030
 1526     70.0  -238.467490  -238.785300     0.317800
 1527     69.0  -238.467480  -238.781160     0.313670
 1528     68.0  -238.467480  -238.777160     0.309680
 1529     68.0  -238.467470  -238.773320     0.305850
 1530     67.0  -238.467450  -238.769690     0.302230
 1531     66.0  -238.467440  -238.766290     0.298850
 1532     65.0  -238.467420  -238.763150     0.295730
 1533     65.0  -238.467410  -238.760320     0.292910
 1534     64.0  -238.467400  -238.757800     0.290400
 1535     64.0  -238.467390  -238.755620     0.288230
 1536     63.0  -238.467370  -238.753790     0.286420
 1537     63.0  -238.467360  -238.752340     0.284980
 1538     63.0  -238.467350  -238.751260     0.283910
 1539     63.0  -238.467330  -238.750550     0.283220
 1540     63.0  -238.467310  -238.750210     0.282900
 1541     63.0  -238.467290  -238.750250     0.282960
 1542     63.0  -238.467280  -238.750640     0.283360
 1543     63.0  -238.467260  -238.751360     0.284090
 1544     63.0  -238.467250  -238.752380     0.285130
 1545     63.0  -238.467230  -238.753690     0.286450
 1546     64.0  -238.467220  -238.755240     0.288020
 1547     64.0  -238.467200  -238.757000     0.289800
 1548     64.0  -238.467180  -238.758930     0.291750
 1549     65.0  -238.467170  -238.760980     0.293820
 1550     65.0  -238.467150  -238.763110     0.295970
 1551     66.0  -238.467130  -238.765280     0.298150
 1552     66.0  -238.467120  -238.767440     0.300320
 1553     67.0  -238.467110  -238.769540     0.302430
 1554     67.0  -238.467090  -238.771520     0.304430
 1555     68.0  -238.467080  -238.773360     0.306280
 1556     68.0  -238.467070  -238.775010     0.307940
 1557     68.0  -238.467050  -238.776410     0.309360
 1558     69.0  -238.467030  -238.777540     0.310510
 1559     69.0  -238.467020  -238.778370     0.311360
 1560     69.0  -238.467000  -238.778880     0.311880
 1561     69.0  -238.466990  -238.779030     0.312040
 1562     69.0  -238.466970  -238.778800     0.311840
 1563     69.0  -238.466950  -238.778200     0.311250
 1564     69.0  -238.466940  -238.777220     0.310270
 1565     68.0  -238.466930  -238.775840     0.308910
 1566     68.0  -238.466910  -238.774090     0.307170
 1567     67.0  -238.466900  -238.771960     0.305060
 1568     67.0  -238.466880  -238.769480     0.302600
 1569     66.0  -238.466870  -238.766680     0.299820
 1570     66.0  -238.466860  -238.763590     0.296730
 1571     65.0  -238.466840  -238.760220     0.293380
 1572     64.0  -238.466830  -238.756640     0.289810
 1573     63.0  -238.466820  -238.752870     0.286050
 1574     62.0  -238.466810  -238.748950     0.282150
 1575     61.0  -238.466790  -238.744940     0.278150
 1576     61.0  -238.466780  -238.740890     0.274110
 1577     60.0  -238.466770  -238.736860     0.270090
 1578     59.0  -238.466760  -238.732880     0.266120
 1579     58.0  -238.466750  -238.729010     0.262260
 1580     57.0  -238.466750  -238.725310     0.258560
 1581     56.0  -238.466740  -238.721820     0.255080
 1582     56.0  -238.466730  -238.718580     0.251850
 1583     55.0  -238.466730  -238.715660     0.248930
 1584     54.0  -238.466730  -238.713080     0.246350
 1585     54.0  -238.466720  -238.710890     0.244160
 1586     54.0  -238.466720  -238.709110     0.242390
 1587     53.0  -238.466720  -238.707790     0.241070
 1588     53.0  -238.466720  -238.706930     0.240220
 1589     53.0  -238.466720  -238.706570     0.239860
 1590     53.0  -238.466720  -238.706710     0.240000
 1591     53.0  -238.466720  -238.707370     0.240650
 1592     53.0  -238.466720  -238.708530     0.241810
 1593     54.0  -238.466720  -238.710210     0.243480
 1594     54.0  -238.466730  -238.712380     0.245650
 1595     55.0  -238.466740  -238.715030     0.248290
 1596     56.0  -238.466740  -238.718140     0.251400
 1597     56.0  -238.466750  -238.721690     0.254930
 1598     57.0  -238.466760  -238.725630     0.258860
 1599     58.0  -238.466780  -238.729930     0.263160
 1600     59.0  -238.466790  -238.734560     0.267770
 1601     60.0  -238.466800  -238.739460     0.272660
 1602     61.0  -238.466810  -238.744590     0.277780
 1603     63.0  -238.466820  -238.749900     0.283080
 1604     64.0  -238.466840  -238.755340     0.288500
 1605     65.0  -238.466850  -238.760850     0.293990
 1606     66.0  -238.466870  -238.766380     0.299510
 1607     67.0  -238.466880  -238.771870     0.304990
 1608     69.0  -238.466900  -238.777280     0.310380
 1609     70.0  -238.466920  -238.782560     0.315640
 1610     71.0  -238.466930  -238.787640     0.320710
 1611     72.0  -238.466950  -238.792510     0.325550
 1612     73.0  -238.466970  -238.797090     0.330120
 1613     74.0  -238.466990  -238.801360     0.334370
 1614     75.0  -238.467000  -238.805290     0.338280
 1615     76.0  -238.467020  -238.808850     0.341820
 1616     76.0  -238.467040  -238.812000     0.344970
 1617     77.0  -238.467060  -238.814750     0.347690
 1618     77.0  -238.467070  -238.817070     0.350000
 1619     78.0  -238.467100  -238.818970     0.351870
 1620     78.0  -238.467110  -238.820430     0.353320
 1621     78.0  -238.467130  -238.821470     0.354340
 1622     78.0  -238.467140  -238.822090     0.354950
 1623     79.0  -238.467160  -238.822330     0.355170
 1624     78.0  -238.467170  -238.822190     0.355020
 1625     78.0  -238.467190  -238.821720     0.354530
 1626     78.0  -238.467200  -238.820940     0.353740
 1627     78.0  -238.467210  -238.819880     0.352670
 1628     78.0  -238.467220  -238.818600     0.351380
 1629     77.0  -238.467240  -238.817130     0.349890
 1630     77.0  -238.467250  -238.815510     0.348260
 1631     77.0  -238.467260  -238.813790     0.346530
 1632     76.0  -238.467270  -238.812020     0.344750
 1633     76.0  -238.467280  -238.810230     0.342950
 1634     75.0  -238.467300  -238.808490     0.341190
 1635     75.0  -238.467310  -238.806810     0.339500
 1636     75.0  -238.467320  -238.805250     0.337930
 1637     74.0  -238.467320  -238.803820     0.336500
 1638     74.0  -238.467340  -238.802590     0.335250
 1639     74.0  -238.467350  -238.801560     0.334210
 1640     74.0  -238.467360  -238.800740     0.333390
 1641     74.0  -238.467360  -238.800160     0.332800
 1642     73.0  -238.467380  -238.799840     0.332460
 1643     73.0  -238.467390  -238.799760     0.332370
 1644     74.0  -238.467390  -238.799920     0.332520
 1645     74.0  -238.467410  -238.800310     0.332910
 1646     74.0  -238.467400  -238.800910     0.333510
 1647     74.0  -238.467420  -238.801710     0.334290
 1648     74.0  -238.467430  -238.802670     0.335240
 1649     74.0  -238.467430  -238.803750     0.336310
 1650     75.0  -238.467450  -238.804910     0.337470
 1651     75.0  -238.467450  -238.806110     0.338660
 1652     75.0  -238.467460  -238.807290     0.339830
 1653     75.0  -238.467460  -238.808410     0.340950
 1654     76.0  -238.467470  -238.809420     0.341950
 1655     76.0  -238.467470  -238.810250     0.342780
 1656     76.0  -238.467480  -238.810860     0.343380
 1657     76.0  -238.467480  -238.811190     0.343710
 1658     76.0  -238.467480  -238.811180     0.343700
 1659     76.0  -238.467480  -238.810800     0.343310
 1660     76.0  -238.467480  -238.809980     0.342500
 1661     75.0  -238.467480  -238.808700     0.341220
 1662     75.0  -238.467470  -238.806910     0.339440
 1663     75.0  -238.467480  -238.804610     0.337130
 1664     74.0  -238.467470  -238.801750     0.334270
 1665     73.0  -238.467470  -238.798320     0.330850
 1666     72.0  -238.467460  -238.794320     0.326860
 1667     71.0  -238.467450  -238.789750     0.322300
 1668     70.0  -238.467450  -238.784630     0.317190
 1669     69.0  -238.467430  -238.778970     0.311540
 1670     68.0  -238.467420  -238.772810     0.305390
 1671     66.0  -238.467410  -238.766180     0.298770
 1672     64.0  -238.467400  -238.759120     0.291730
 1673     63.0  -238.467380  -238.751700     0.284320
 1674     61.0  -238.467360  -238.743970     0.276610
 1675     59.0  -238.467350  -238.736010     0.268660
 1676     58.0  -238.467340  -238.727880     0.260540
 1677     56.0  -238.467320  -238.719660     0.252340
 1678     54.0  -238.467300  -238.711440     0.244140
 1679     52.0  -238.467280  -238.703300     0.236020
 1680     50.0  -238.467260  -238.695330     0.228070
 1681     49.0  -238.467240  -238.687630     0.220380
 1682     47.0  -238.467220  -238.680260     0.213040
 1683     46.0  -238.467210  -238.673330     0.206120
 1684     44.0  -238.467190  -238.666910     0.199720
 1685     43.0  -238.467170  -238.661090     0.193920
 1686     42.0  -238.467150  -238.655930     0.188780
 1687     41.0  -238.467130  -238.651500     0.184380
 1688     40.0  -238.467110  -238.647880     0.180770
 1689     39.0  -238.467100  -238.645110     0.178020
 1690     39.0  -238.467080  -238.643240     0.176160
 1691     39.0  -238.467070  -238.642290     0.175230
 1692     39.0  -238.467050  -238.642300     0.175250
 1693     39.0  -238.467030  -238.643290     0.176260
 1694     39.0  -238.467010  -238.645250     0.178240
 1695     40.0  -238.467000  -238.648200     0.181190
 1696     41.0  -238.466990  -238.652100     0.185110
 1697     42.0  -238.466980  -238.656950     0.189970
 1698     43.0  -238.466970  -238.662700     0.195730
 1699     45.0  -238.466950  -238.669310     0.202360
 1700     46.0  -238.466940  -238.676740     0.209800
 1701     48.0  -238.466930  -238.684920     0.217990
 1702     50.0  -238.466920  -238.693790     0.226880
 1703     52.0  -238.466910  -238.703280     0.236380
 1704     54.0  -238.466890  -238.713310     0.246420
 1705     57.0  -238.466880  -238.723800     0.256920
 1706     59.0  -238.466870  -238.734670     0.267790
 1707     62.0  -238.466870  -238.745830     0.278960
 1708     64.0  -238.466860  -238.757190     0.290330
 1709     67.0  -238.466850  -238.768650     0.301810
 1710     69.0  -238.466840  -238.780160     0.313310
 1711     72.0  -238.466830  -238.791590     0.324760
 1712     74.0  -238.466830  -238.802890     0.336060
 1713     77.0  -238.466820  -238.813970     0.347140
 1714     79.0  -238.466810  -238.824740     0.357930
 1715     81.0  -238.466810  -238.835150     0.368340
 1716     84.0  -238.466800  -238.845130     0.378330
 1717     86.0  -238.466800  -238.854620     0.387820
 1718     88.0  -238.466800  -238.863570     0.396770
 1719     90.0  -238.466790  -238.871920     0.405130
 1720     91.0  -238.466780  -238.879640     0.412860
 1721     93.0  -238.466780  -238.886720     0.419930
 1722     94.0  -238.466780  -238.893100     0.426320
 1723     95.0  -238.466770  -238.898780     0.432010
 1724     97.0  -238.466770  -238.903750     0.436980
 1725     98.0  -238.466760  -238.908000     0.441240
 1726     98.0  -238.466760  -238.911540     0.444780
 1727     99.0  -238.466760  -238.914380     0.447610
 1728     99.0  -238.466760  -238.916510     0.449750
 1729    100.0  -238.466760  -238.917970     0.451220
 1730    100.0  -238.466760  -238.918780     0.452020
 1731    100.0  -238.466750  -238.918960     0.452200
 1732    100.0  -238.466760  -238.918540     0.451780
 1733    100.0  -238.466760  -238.917550     0.450790
 1734     99.0  -238.466760  -238.916020     0.449260
 1735     99.0  -238.466760  -238.913990     0.447230
 1736     98.0  -238.466760  -238.911500     0.444740
 1737     98.0  -238.466770  -238.908580     0.441810
 1738     97.0  -238.466770  -238.905260     0.438490
 1739     96.0  -238.466780  -238.901580     0.434800
 1740     95.0  -238.466780  -238.897560     0.430770
 1741     94.0  -238.466790  -238.893230     0.426440
 1742     93.0  -238.466790  -238.888630     0.421830
 1743     92.0  -238.466810  -238.883780     0.416970
 1744     91.0  -238.466820  -238.878690     0.411870
 1745     90.0  -238.466830  -238.873380     0.406550
 1746     89.0  -238.466830  -238.867860     0.401030
 1747     87.0  -238.466840  -238.862150     0.395300
 1748     86.0  -238.466850  -238.856240     0.389390
 1749     85.0  -238.466870  -238.850160     0.383290
 1750     83.0  -238.466880  -238.843880     0.376990
 1751     82.0  -238.466890  -238.837400     0.370510
 1752     80.0  -238.466910  -238.830730     0.363830
 1753     79.0  -238.466930  -238.823860     0.356940
 1754     77.0  -238.466940  -238.816780     0.349830
 1755     76.0  -238.466960  -238.809470     0.342510
 1756     74.0  -238.466970  -238.801930     0.334950
 1757     72.0  -238.466990  -238.794140     0.327160
 1758     71.0  -238.467000  -238.786120     0.319120
 1759     69.0  -238.467020  -238.777850     0.310830
 1760     67.0  -238.467040  -238.769330     0.302290
 1761     65.0  -238.467050  -238.760560     0.293500
 1762     63.0  -238.467070  -238.751540     0.284470
 1763     61.0  -238.467080  -238.742290     0.275210
 1764     59.0  -238.467100  -238.732830     0.265740
 1765     57.0  -238.467110  -238.723190     0.256070
 1766     54.0  -238.467120  -238.713370     0.246250
 1767     52.0  -238.467130  -238.703420     0.236290
 1768     50.0  -238.467140  -238.693390     0.226250
 1769     48.0  -238.467160  -238.683320     0.216160
 1770     46.0  -238.467160  -238.673250     0.206080
 1771     43.0  -238.467180  -238.663260     0.196070
 1772     41.0  -238.467190  -238.653390     0.186200
 1773     39.0  -238.467200  -238.643720     0.176510
 1774     37.0  -238.467210  -238.634300     0.167100
 1775     35.0  -238.467210  -238.625230     0.158020
 1776     33.0  -238.467230  -238.616590     0.149350
 1777     31.0  -238.467240  -238.608420     0.141180
 1778     30.0  -238.467250  -238.600810     0.133560
 1779     28.0  -238.467260  -238.593840     0.126590
 1780     27.0  -238.467270  -238.587580     0.120320
 1781     25.0  -238.467270  -238.582100     0.114820
 1782     24.0  -238.467280  -238.577450     0.110170
 1783     24.0  -238.467290  -238.573690     0.106410
 1784     23.0  -238.467300  -238.570890     0.103590
 1785     22.0  -238.467300  -238.569080     0.101770
 1786     22.0  -238.467310  -238.568290     0.100980
 1787     22.0  -238.467320  -238.568550     0.101230
 1788     23.0  -238.467320  -238.569890     0.102560
 1789     23.0  -238.467330  -238.572300     0.104970
 1790     24.0  -238.467340  -238.575790     0.108460
 1791     25.0  -238.467340  -238.580350     0.113010
 1792     26.0  -238.467350  -238.585960     0.118610
 1793     28.0  -238.467360  -238.592580     0.125220
 1794     29.0  -238.467360  -238.600170     0.132810
 1795     31.0  -238.467360  -238.608690     0.141330
 1796     33.0  -238.467370  -238.618090     0.150710
 1797     36.0  -238.467380  -238.628290     0.160910
 1798     38.0  -238.467390  -238.639230     0.171840
 1799     41.0  -238.467390  -238.650830     0.183440
 1800     43.0  -238.467400  -238.663010     0.195620
 1801     46.0  -238.467400  -238.675690     0.208300
 1802     49.0  -238.467400  -238.688790     0.221390
 1803     52.0  -238.467400  -238.702230     0.234820
 1804     55.0  -238.467400  -238.715900     0.248500
 1805     58.0  -238.467410  -238.729730     0.262330
 1806     61.0  -238.467410  -238.743640     0.276230
 1807     64.0  -238.467410  -238.757540     0.290130
 1808     67.0  -238.467400  -238.771350     0.303950
 1809     70.0  -238.467400  -238.785010     0.317610
 1810     73.0  -238.467400  -238.798440     0.331050
 1811     76.0  -238.467390  -238.811580     0.344190
 1812     79.0  -238.467380  -238.824370     0.356990
 1813     82.0  -238.467380  -238.836760     0.369380
 1814     84.0  -238.467370  -238.848700     0.381330
 1815     87.0  -238.467360  -238.860150     0.392790
 1816     89.0  -238.467360  -238.871080     0.403730
 1817     92.0  -238.467340  -238.881460     0.414110
 1818     94.0  -238.467340  -238.891260     0.423920
 1819     96.0  -238.467330  -238.900460     0.433130
 1820     98.0  -238.467320  -238.909060     0.441740
 1821     99.0  -238.467300  -238.917030     0.449730
 1822    101.0  -238.467290  -238.924380     0.457100
 1823    103.0  -238.467270  -238.931110     0.463840
 1824    104.0  -238.467260  -238.937200     0.469950
 1825    105.0  -238.467240  -238.942670     0.475430
 1826    106.0  -238.467220  -238.947520     0.480290
 1827    107.0  -238.467210  -238.951750     0.484540
 1828    108.0  -238.467190  -238.955360     0.488170
 1829    109.0  -238.467180  -238.958370     0.491190
 1830    109.0  -238.467160  -238.960760     0.493600
 1831    110.0  -238.467140  -238.962560     0.495420
 1832    110.0  -238.467130  -238.963780     0.496650
 1833    110.0  -238.467110  -238.964400     0.497280
 1834    110.0  -238.467090  -238.964430     0.497330
 1835    110.0  -238.467070  -238.963870     0.496790
 1836    110.0  -238.467060  -238.962730     0.495670
 1837    109.0  -238.467050  -238.961010     0.493960
 1838    109.0  -238.467020  -238.958690     0.491670
 1839    108.0  -238.467000  -238.955790     0.488790
 1840    107.0  -238.466990  -238.952320     0.485330
 1841    106.0  -238.466980  -238.948250     0.481270
 1842    105.0  -238.466960  -238.943600     0.476640
 1843    104.0  -238.466950  -238.938360     0.471410
 1844    103.0  -238.466930  -238.932540     0.465610
 1845    102.0  -238.466910  -238.926140     0.459220
 1846    100.0  -238.466900  -238.919170     0.452270
 1847     98.0  -238.466890  -238.911630     0.444750
 1848     97.0  -238.466870  -238.903540     0.436680
 1849     95.0  -238.466860  -238.894920     0.428070
 1850     93.0  -238.466840  -238.885780     0.418940
 1851     90.0  -238.466820  -238.876130     0.409310
 1852     88.0  -238.466800  -238.866020     0.399210
 1853     86.0  -238.466800  -238.855470     0.388670
 1854     83.0  -238.466790  -238.844500     0.377720
 1855     81.0  -238.466770  -238.833160     0.366390
 1856     78.0  -238.466750  -238.821480     0.354730
 1857     76.0  -238.466740  -238.809520     0.342780
 1858     73.0  -238.466740  -238.797330     0.330590
 1859     70.0  -238.466730  -238.784950     0.318220
 1860     68.0  -238.466710  -238.772420     0.305710
 1861     65.0  -238.466700  -238.759820     0.293120
 1862     62.0  -238.466690  -238.747210     0.280520
 1863     59.0  -238.466690  -238.734650     0.267960
 1864     56.0  -238.466670  -238.722190     0.255520
 1865     54.0  -238.466660  -238.709910     0.243250
 1866     51.0  -238.466660  -238.697880     0.231220
 1867     49.0  -238.466650  -238.686150     0.219500
 1868     46.0  -238.466640  -238.674800     0.208160
 1869     44.0  -238.466640  -238.663880     0.197250
 1870     41.0  -238.466630  -238.653480     0.186840
 1871     39.0  -238.466630  -238.643630     0.177000
 1872     37.0  -238.466630  -238.634410     0.167780
 1873     35.0  -238.466620  -238.625870     0.159250
 1874     33.0  -238.466620  -238.618060     0.151450
 1875     32.0  -238.466610  -238.611040     0.144430
 1876     31.0  -238.466610  -238.604850     0.138240
 1877     29.0  -238.466620  -238.599530     0.132920
 1878     28.0  -238.466620  -238.595120     0.128500
 1879     28.0  -238.466630  -238.591640     0.125010
 1880     27.0  -238.466640  -238.589120     0.122480
 1881     27.0  -238.466640  -238.587570     0.120930
 1882     27.0  -238.466650  -238.587000     0.120350
 1883     27.0  -238.466660  -238.587420     0.120760
 1884     27.0  -238.466670  -238.588830     0.122160
 1885     28.0  -238.466680  -238.591200     0.124520
 1886     28.0  -238.466690  -238.594530     0.127840
 1887     29.0  -238.466700  -238.598790     0.132090
 1888     30.0  -238.466720  -238.603950     0.137230
 1889     32.0  -238.466730  -238.609970     0.143240
 1890     33.0  -238.466750  -238.616800     0.150060
 1891     35.0  -238.466760  -238.624400     0.157640
 1892     37.0  -238.466780  -238.632700     0.165920
 1893     39.0  -238.466800  -238.641640     0.174840
 1894     41.0  -238.466820  -238.651160     0.184340
 1895     43.0  -238.466830  -238.661170     0.194340
 1896     45.0  -238.466850  -238.671610     0.204760
 1897     48.0  -238.466870  -238.682400     0.215530
 1898     50.0  -238.466890  -238.693450     0.226550
 1899     53.0  -238.466910  -238.704670     0.237750
 1900     55.0  -238.466940  -238.715980     0.249040
 1901     58.0  -238.466960  -238.727290     0.260330
 1902     60.0  -238.466980  -238.738520     0.271540
 1903     62.0  -238.467000  -238.749580     0.282580
 1904     65.0  -238.467020  -238.760380     0.293360
 1905     67.0  -238.467040  -238.770850     0.303810
 1906     69.0  -238.467060  -238.780910     0.313850
 1907     71.0  -238.467080  -238.790490     0.323400
 1908     73.0  -238.467100  -238.799510     0.332400
 1909     75.0  -238.467120  -238.807910     0.340790
 1910     77.0  -238.467140  -238.815650     0.348510
 1911     79.0  -238.467160  -238.822670     0.355510
 1912     80.0  -238.467180  -238.828930     0.361760
 1913     81.0  -238.467190  -238.834400     0.367210
 1914     82.0  -238.467220  -238.839060     0.371850
 1915     83.0  -238.467230  -238.842890     0.375650
 1916     84.0  -238.467240  -238.845870     0.378630
 1917     84.0  -238.467250  -238.848020     0.380770
 1918     84.0  -238.467260  -238.849360     0.382100
 1919     85.0  -238.467280  -238.849910     0.382630
 1920     85.0  -238.467300  -238.849690     0.382390
 1921     84.0  -238.467310  -238.848750     0.381430
 1922     84.0  -238.467330  -238.847120     0.379800
 1923     83.0  -238.467330  -238.844870     0.377540
 1924     83.0  -238.467340  -238.842070     0.374730
 1925     82.0  -238.467350  -238.838770     0.371430
 1926     81.0  -238.467350  -238.835060     0.367710
 1927     80.0  -238.467360  -238.831020     0.363660
 1928     79.0  -238.467360  -238.826720     0.359350
 1929     78.0  -238.467370  -238.822240     0.354880
 1930     77.0  -238.467370  -238.817680     0.350310
 1931     76.0  -238.467370  -238.813120     0.345750
 1932     75.0  -238.467380  -238.808640     0.341260
 1933     74.0  -238.467380  -238.804320     0.336940
 1934     74.0  -238.467380  -238.800230     0.332850
 1935     73.0  -238.467380  -238.796450     0.329070
 1936     72.0  -238.467380  -238.793040     0.325660
 1937     71.0  -238.467380  -238.790060     0.322680
 1938     71.0  -238.467380  -238.787560     0.320190
 1939     70.0  -238.467370  -238.785580     0.318210
 1940     70.0  -238.467380  -238.784160     0.316790
 1941     70.0  -238.467370  -238.783310     0.315940
 1942     70.0  -238.467370  -238.783050     0.315680
 1943     70.0  -238.467370  -238.783380     0.316010
 1944     70.0  -238.467370  -238.784280     0.316910
 1945     70.0  -238.467370  -238.785750     0.318380
 1946     71.0  -238.467370  -238.787750     0.320380
 1947     71.0  -238.467370  -238.790240     0.322880
 1948     72.0  -238.467360  -238.793180     0.325820
 1949     73.0  -238.467350  -238.796520     0.329170
 1950     74.0  -238.467350  -238.800200     0.332840
 1951     74.0  -238.467350  -238.804140     0.336790
 1952     75.0  -238.467340  -238.808280     0.340940
 1953     76.0  -238.467340  -238.812550     0.345210
 1954     77.0  -238.467330  -238.816870     0.349540
 1955     78.0  -238.467320  -238.821160     0.353840
 1956     79.0  -238.467310  -238.825360     0.358040
 1957     80.0  -238.467310  -238.829380     0.362070
 1958     81.0  -238.467290  -238.833160     0.365860
 1959     82.0  -238.467280  -238.836630     0.369350
 1960     82.0  -238.467270  -238.839740     0.372470
 1961     83.0  -238.467260  -238.842420     0.375160
 1962     83.0  -238.467240  -238.844630     0.377390
 1963     84.0  -238.467230  -238.846340     0.379110
 1964     84.0  -238.467220  -238.847500     0.380280
 1965     84.0  -238.467200  -238.848100     0.380900
 1966     84.0  -238.467190  -238.848120     0.380930
 1967     84.0  -238.467170  -238.847550     0.380380
 1968     84.0  -238.467150  -238.846400     0.379250
 1969     83.0  -238.467140  -238.844690     0.377550
 1970     83.0  -238.467120  -238.842410     0.375300
 1971     82.0  -238.467100  -238.839620     0.372520
 1972     82.0  -238.467080  -238.836330     0.369240
 1973     81.0  -238.467060  -238.832580     0.365520
 1974     80.0  -238.467040  -238.828420     0.361380
 1975     79.0  -238.467020  -238.823900     0.356880
 1976     78.0  -238.467000  -238.819070     0.352070
 1977     77.0  -238.466980  -238.813980     0.347010
 1978     76.0  -238.466960  -238.808690     0.341730
 1979     74.0  -238.466940  -238.803250     0.336310
 1980     73.0  -238.466920  -238.797720     0.330800
 1981     72.0  -238.466890  -238.792140     0.325250
 1982     71.0  -238.466880  -238.786580     0.319710
 1983     69.0  -238.466860  -238.781080     0.314220
 1984     68.0  -238.466840  -238.775670     0.308830
 1985     67.0  -238.466820  -238.770400     0.303580
 1986     66.0  -238.466810  -238.765310     0.298510
 1987     65.0  -238.466790  -238.760430     0.293630
 1988     64.0  -238.466770  -238.755760     0.288980
 1989     63.0  -238.466760  -238.751340     0.284580
 1990     62.0  -238.466750  -238.747160     0.280420
 1991     61.0  -238.466730  -238.743250     0.276520
 1992     60.0  -238.466720  -238.739590     0.272870
 1993     60.0  -238.466710  -238.736180     0.269480
 1994     59.0  -238.466700  -238.733020     0.266320
 1995     58.0  -238.466690  -238.730080     0.263390
 1996     58.0  -238.466680  -238.727350     0.260660
 1997     57.0  -238.466670  -238.724790     0.258120
 1998     57.0  -238.466660  -238.722390     0.255730
 1999     56.0  -238.466660  -238.720130     0.253470
 2000     56.0  -238.466660  -238.717980     0.251320
 2001     55.0  -238.466650  -238.715900     0.249250
 2002     55.0  -238.466650  -238.713880     0.247220
 2003     54.0  -238.466650  -238.711870     0.245230
 2004     54.0  -238.466640  -238.709870     0.243230
 2005     53.0  -238.466640  -238.707850     0.241210
 2006     53.0  -238.466630  -238.705800     0.239170
 2007     52.0  -238.466640  -238.703710     0.237070
 2008     52.0  -238.466640  -238.701560     0.234920
 2009     51.0  -238.466640  -238.699350     0.232720
 2010     51.0  -238.466640  -238.697090     0.230460
 2011     50.0  -238.466640  -238.694790     0.228150
 2012     50.0  -238.466640  -238.692460     0.225820
 2013     49.0  -238.466640  -238.690110     0.223470
 2014     49.0  -238.466640  -238.687780     0.221140
 2015     48.0  -238.466640  -238.685490     0.218850
 2016     48.0  -238.466640  -238.683280     0.216640
 2017     47.0  -238.466640  -238.681190     0.214550
 2018     47.0  -238.466640  -238.679260     0.212620
 2019     47.0  -238.466650  -238.677540     0.210900
 2020     46.0  -238.466650  -238.676080     0.209430
 2021     46.0  -238.466660  -238.674930     0.208270
 2022     46.0  -238.466670  -238.674130     0.207470
 2023     46.0  -238.466670  -238.673740     0.207070
 2024     46.0  -238.466680  -238.673810     0.207130
 2025     46.0  -238.466690  -238.674380     0.207690
 2026     46.0  -238.466690  -238.675500     0.208800
 2027     47.0  -238.466710  -238.677200     0.210500
 2028     47.0  -238.466720  -238.679530     0.212810
 2029     48.0  -238.466730  -238.682500     0.215770
 2030     48.0  -238.466740  -238.686140     0.219400
 2031     49.0  -238.466750  -238.690460     0.223710
 2032     51.0  -238.466760  -238.695470     0.228710
 2033     52.0  -238.466780  -238.701170     0.234390
 2034     53.0  -238.466790  -238.707540     0.240750
 2035     55.0  -238.466810  -238.714570     0.247760
 2036     56.0  -238.466830  -238.722220     0.255390
 2037     58.0  -238.466850  -238.730460     0.263610
 2038     60.0  -238.466870  -238.739230     0.272360
 2039     62.0  -238.466890  -238.748480     0.281590
 2040     64.0  -238.466910  -238.758140     0.291240
 2041     67.0  -238.466920  -238.768150     0.301220
 2042     69.0  -238.466950  -238.778420     0.311470
 2043     71.0  -238.466970  -238.788880     0.321900
 2044     73.0  -238.466990  -238.799420     0.332430
 2045     76.0  -238.467010  -238.809960     0.342950
 2046     78.0  -238.467040  -238.820410     0.353380
 2047     80.0  -238.467060  -238.830670     0.363610
 2048     83.0  -238.467080  -238.840650     0.373570
 2049     85.0  -238.467110  -238.850250     0.383140
 2050     87.0  -238.467130  -238.859370     0.392250
 2051     89.0  -238.467140  -238.867940     0.400800
 2052     90.0  -238.467160  -238.875880     0.408720
 2053     92.0  -238.467180  -238.883110     0.415930
 2054     93.0  -238.467200  -238.889570     0.422370
 2055     95.0  -238.467210  -238.895190     0.427980
 2056     96.0  -238.467240  -238.899950     0.432720
 2057     96.0  -238.467250  -238.903790     0.436540
 2058     97.0  -238.467270  -238.906690     0.439420
 2059     98.0  -238.467270  -238.908630     0.441350
 2060     98.0  -238.467290  -238.909620     0.442330
 2061     98.0  -238.467300  -238.909660     0.442350
 2062     98.0  -238.467310  -238.908760     0.441450
 2063     97.0  -238.467320  -238.906960     0.439640
 2064     97.0  -238.467330  -238.904310     0.436970
 2065     96.0  -238.467340  -238.900830     0.433490
 2066     95.0  -238.467340  -238.896600     0.429260
 2067     94.0  -238.467350  -238.891680     0.424330
 2068     93.0  -238.467350  -238.886140     0.418790
 2069     91.0  -238.467350  -238.880050     0.412700
 2070     90.0  -238.467350  -238.873500     0.406150
 2071     88.0  -238.467350  -238.866570     0.399220
 2072     87.0  -238.467360  -238.859350     0.391990
 2073     85.0  -238.467350  -238.851900     0.384550
 2074     83.0  -238.467360  -238.844330     0.376970
 2075     82.0  -238.467360  -238.836700     0.369340
 2076     80.0  -238.467360  -238.829090     0.361730
 2077     78.0  -238.467350  -238.821570     0.354210
 2078     77.0  -238.467350  -238.814190     0.346840
 2079     75.0  -238.467350  -238.807030     0.339680
 2080     74.0  -238.467350  -238.800120     0.332780
 2081     72.0  -238.467340  -238.793510     0.326170
 2082     71.0  -238.467330  -238.787210     0.319880
 2083     69.0  -238.467330  -238.781270     0.313940
 2084     68.0  -238.467330  -238.775690     0.308360
 2085     67.0  -238.467320  -238.770470     0.303150
 2086     66.0  -238.467320  -238.765620     0.298300
 2087     65.0  -238.467310  -238.761110     0.293800
 2088     64.0  -238.467310  -238.756930     0.289630
 2089     63.0  -238.467300  -238.753060     0.285760
 2090     62.0  -238.467290  -238.749460     0.282170
 2091     62.0  -238.467280  -238.746100     0.278820
 2092     61.0  -238.467280  -238.742950     0.275670
 2093     60.0  -238.467270  -238.739960     0.272680
 2094     60.0  -238.467260  -238.737080     0.269810
 2095     59.0  -238.467260  -238.734280     0.267020
 2096     58.0  -238.467240  -238.731500     0.264260
 2097     58.0  -238.467230  -238.728730     0.261500
 2098     57.0  -238.467220  -238.725920     0.258690
 2099     57.0  -238.467220  -238.723030     0.255810
 2100     56.0  -238.467210  -238.720040     0.252830
 2101     55.0  -238.467200  -238.716920     0.249720
 2102     54.0  -238.467180  -238.713660     0.246470
 2103     54.0  -238.467160  -238.710240     0.243070
 2104     53.0  -238.467150  -238.706670     0.239520
 2105     52.0  -238.467130  -238.702950     0.235820
 2106     51.0  -238.467110  -238.699090     0.231980
 2107     50.0  -238.467100  -238.695120     0.228020
 2108     50.0  -238.467080  -238.691050     0.223970
 2109     49.0  -238.467060  -238.686920     0.219850
 2110     48.0  -238.467040  -238.682760     0.215720
 2111     47.0  -238.467020  -238.678620     0.211600
 2112     46.0  -238.467000  -238.674560     0.207550
 2113     45.0  -238.466980  -238.670610     0.203630
 2114     44.0  -238.466960  -238.666840     0.199880
 2115     43.0  -238.466950  -238.663310     0.196360
 2116     43.0  -238.466930  -238.660070     0.193140
 2117     42.0  -238.466900  -238.657180     0.190280
 2118     42.0  -238.466880  -238.654710     0.187830
 2119     41.0  -238.466860  -238.652710     0.185850
 2120     41.0  -238.466850  -238.651240     0.184390
 2121     41.0  -238.466820  -238.650350     0.183520
 2122     41.0  -238.466800  -238.650080     0.183280
 2123     41.0  -238.466790  -238.650490     0.183700
 2124     41.0  -238.466780  -238.651610     0.184840
 2125     41.0  -238.466760  -238.653470     0.186710
 2126     42.0  -238.466750  -238.656100     0.189350
 2127     43.0  -238.466730  -238.659500     0.192770
 2128     44.0  -238.466720  -238.663700     0.196980
 2129     45.0  -238.466710  -238.668690     0.201980
 2130     46.0  -238.466690  -238.674470     0.207770
 2131     47.0  -238.466680  -238.681010     0.214330
 2132     49.0  -238.466670  -238.688310     0.221640
 2133     51.0  -238.466660  -238.696340     0.229670
 2134     53.0  -238.466650  -238.705040     0.238390
 2135     55.0  -238.466650  -238.714390     0.247740
 2136     57.0  -238.466640  -238.724310     0.257670
 2137     59.0  -238.466640  -238.734770     0.268130
 2138     62.0  -238.466630  -238.745690     0.279060
 2139     64.0  -238.466630  -238.757020     0.290390
 2140     67.0  -238.466620  -238.768650     0.302030
 2141     69.0  -238.466630  -238.780550     0.313920
 2142     72.0  -238.466630  -238.792610     0.325980
 2143     75.0  -238.466620  -238.804750     0.338130
 2144     77.0  -238.466620  -238.816890     0.350270
 2145     80.0  -238.466630  -238.828960     0.362330
 2146     83.0  -238.466630  -238.840860     0.374230
 2147     85.0  -238.466630  -238.852510     0.385880
 2148     88.0  -238.466630  -238.863830     0.397200
 2149     90.0  -238.466630  -238.874750     0.408110
 2150     93.0  -238.466630  -238.885170     0.418540
 2151     95.0  -238.466640  -238.895060     0.428410
 2152     97.0  -238.466650  -238.904310     0.437660
 2153     99.0  -238.466650  -238.912880     0.446230
 2154    100.0  -238.466650  -238.920700     0.454050
 2155    102.0  -238.466650  -238.927730     0.461080
 2156    103.0  -238.466660  -238.933930     0.467270
 2157    104.0  -238.466670  -238.939260     0.472590
 2158    105.0  -238.466670  -238.943670     0.476990
 2159    106.0  -238.466680  -238.947150     0.480470
 2160    107.0  -238.466690  -238.949690     0.483000
 2161    107.0  -238.466700  -238.951270     0.484570
 2162    107.0  -238.466700  -238.951880     0.485180
 2163    107.0  -238.466710  -238.951540     0.484830
 2164    107.0  -238.466720  -238.950250     0.483540
 2165    106.0  -238.466720  -238.948040     0.481320
 2166    106.0  -238.466730  -238.944930     0.478200
 2167    105.0  -238.466740  -238.940950     0.474210
 2168    104.0  -238.466740  -238.936140     0.469390
 2169    103.0  -238.466750  -238.930530     0.463780
 2170    101.0  -238.466760  -238.924180     0.457420
 2171    100.0  -238.466770  -238.917130     0.450360
 2172     98.0  -238.466780  -238.909450     0.442660
 2173     96.0  -238.466800  -238.901170     0.434380
 2174     94.0  -238.466810  -238.892370     0.425570
 2175     92.0  -238.466810  -238.883110     0.416290
 2176     90.0  -238.466820  -238.873440     0.406610
 2177     88.0  -238.466840  -238.863430     0.396590
 2178     85.0  -238.466850  -238.853140     0.386290
 2179     83.0  -238.466860  -238.842630     0.375770
 2180     81.0  -238.466870  -238.831970     0.365100
 2181     78.0  -238.466880  -238.821210     0.354320
 2182     76.0  -238.466890  -238.810400     0.343500
 2183     74.0  -238.466910  -238.799600     0.332690
 2184     71.0  -238.466920  -238.788860     0.321930
 2185     69.0  -238.466940  -238.778220     0.311280
 2186     66.0  -238.466950  -238.767720     0.300770
 2187     64.0  -238.466960  -238.757410     0.290450
 2188     62.0  -238.466980  -238.747320     0.280340
 2189     60.0  -238.466990  -238.737460     0.270470
 2190     58.0  -238.467010  -238.727890     0.260880
 2191     56.0  -238.467020  -238.718600     0.251580
 2192     54.0  -238.467040  -238.709620     0.242580
 2193     52.0  -238.467050  -238.700970     0.233910
 2194     50.0  -238.467070  -238.692650     0.225580
 2195     48.0  -238.467080  -238.684670     0.217590
 2196     46.0  -238.467100  -238.677040     0.209940
 2197     45.0  -238.467110  -238.669760     0.202650
 2198     43.0  -238.467120  -238.662840     0.195710
 2199     42.0  -238.467140  -238.656270     0.189130
 2200     40.0  -238.467150  -238.650060     0.182910
 2201     39.0  -238.467160  -238.644200     0.177040
 2202     38.0  -238.467170  -238.638710     0.171540
 2203     37.0  -238.467190  -238.633590     0.166400
 2204     36.0  -238.467190  -238.628830     0.161640
 2205     35.0  -238.467200  -238.624460     0.157260
 2206     34.0  -238.467210  -238.620480     0.153270
 2207     33.0  -238.467220  -238.616900     0.149680
 2208     32.0  -238.467230  -238.613740     0.146510
 2209     32.0  -238.467240  -238.611020     0.143780
 2210     31.0  -238.467240  -238.608750     0.141510
 2211     31.0  -238.467240  -238.606970     0.139720
 2212     31.0  -238.467250  -238.605700     0.138450
 2213     30.0  -238.467250  -238.604960     0.137710
 2214     30.0  -238.467250  -238.604780     0.137530
 2215     30.0  -238.467260  -238.605210     0.137950
 2216     31.0  -238.467260  -238.606260     0.139000
 2217     31.0  -238.467260  -238.607960     0.140700
 2218     32.0  -238.467250  -238.610340     0.143080
 2219     32.0  -238.467270  -238.613440     0.146170
 2220     33.0  -238.467270  -238.617260     0.149990
 2221     34.0  -238.467270  -238.621830     0.154560
 2222     35.0  -238.467270  -238.627160     0.159890
 2223     37.0  -238.467260  -238.633260     0.165990
 2224     38.0  -238.467270  -238.640130     0.172870
 2225     40.0  -238.467260  -238.647770     0.180510
 2226     42.0  -238.467260  -238.656160     0.188910
 2227     44.0  -238.467250  -238.665290     0.198040
 2228     46.0  -238.467250  -238.675130     0.207880
 2229     48.0  -238.467250  -238.685640     0.218390
 2230     51.0  -238.467250  -238.696770     0.229530
 2231     53.0  -238.467240  -238.708480     0.241240
 2232     56.0  -238.467240  -238.720700     0.253460
 2233     59.0  -238.467240  -238.733360     0.266120
 2234     62.0  -238.467240  -238.746390     0.279150
 2235     65.0  -238.467230  -238.759700     0.292470
 2236     68.0  -238.467220  -238.773210     0.305980
 2237     71.0  -238.467220  -238.786820     0.319600
 2238     74.0  -238.467210  -238.800430     0.333220
 2239     77.0  -238.467200  -238.813950     0.346750
 2240     80.0  -238.467200  -238.827280     0.360080
 2241     82.0  -238.467190  -238.840310     0.373120
 2242     85.0  -238.467180  -238.852950     0.385760
 2243     88.0  -238.467170  -238.865080     0.397910
 2244     91.0  -238.467160  -238.876630     0.409470
 2245     93.0  -238.467150  -238.887500     0.420340
 2246     95.0  -238.467140  -238.897590     0.430450
 2247     97.0  -238.467140  -238.906860     0.439720
 2248     99.0  -238.467130  -238.915200     0.448070
 2249    101.0  -238.467110  -238.922560     0.455450
 2250    102.0  -238.467100  -238.928900     0.461800
 2251    103.0  -238.467090  -238.934170     0.467080
 2252    104.0  -238.467080  -238.938340     0.471260
 2253    105.0  -238.467060  -238.941380     0.474320
 2254    105.0  -238.467040  -238.943300     0.476260
 2255    105.0  -238.467030  -238.944090     0.477060
 2256    105.0  -238.467010  -238.943760     0.476760
 2257    105.0  -238.466990  -238.942360     0.475370
 2258    105.0  -238.466970  -238.939900     0.472920
 2259    104.0  -238.466950  -238.936430     0.469480
 2260    103.0  -238.466930  -238.932020     0.465090
 2261    102.0  -238.466910  -238.926720     0.459810
 2262    100.0  -238.466890  -238.920610     0.453720
 2263     99.0  -238.466870  -238.913780     0.446910
 2264     97.0  -238.466850  -238.906290     0.439450
 2265     95.0  -238.466830  -238.898260     0.431430
 2266     93.0  -238.466800  -238.889760     0.422950
 2267     92.0  -238.466780  -238.880900     0.414110
 2268     90.0  -238.466760  -238.871770     0.405010
 2269     87.0  -238.466750  -238.862470     0.395730
 2270     85.0  -238.466730  -238.853110     0.386380
 2271     83.0  -238.466710  -238.843750     0.377040
 2272     81.0  -238.466690  -238.834510     0.367820
 2273     79.0  -238.466670  -238.825460     0.358790
 2274     77.0  -238.466660  -238.816690     0.350030
 2275     76.0  -238.466640  -238.808250     0.341610
 2276     74.0  -238.466630  -238.800220     0.333590
 2277     72.0  -238.466620  -238.792660     0.326040
 2278     71.0  -238.466600  -238.785600     0.319000
 2279     69.0  -238.466590  -238.779100     0.312510
 2280     68.0  -238.466580  -238.773170     0.306590
 2281     67.0  -238.466570  -238.767840     0.301270
 2282     66.0  -238.466570  -238.763120     0.296550
 2283     65.0  -238.466560  -238.759000     0.292440
 2284     64.0  -238.466550  -238.755480     0.288920
 2285     63.0  -238.466550  -238.752530     0.285980
 2286     63.0  -238.466540  -238.750140     0.283600
 2287     62.0  -238.466540  -238.748280     0.281740
 2288     62.0  -238.466540  -238.746890     0.280350
 2289     62.0  -238.466540  -238.745940     0.279400
 2290     62.0  -238.466540  -238.745380     0.278840
 2291     62.0  -238.466540  -238.745150     0.278610
 2292     62.0  -238.466540  -238.745190     0.278650
 2293     62.0  -238.466540  -238.745460     0.278910
 2294     62.0  -238.466550  -238.745870     0.279330
 2295     62.0  -238.466550  -238.746390     0.279840
 2296     62.0  -238.466560  -238.746940     0.280380
 2297     62.0  -238.466560  -238.747480     0.280910
 2298     62.0  -238.466570  -238.747940     0.281370
 2299     62.0  -238.466570  -238.748280     0.281710
 2300     62.0  -238.466580  -238.748450     0.281880
 2301     62.0  -238.466580  -238.748430     0.281850
 2302     62.0  -238.466590  -238.748170     0.281570
 2303     62.0  -238.466590  -238.747640     0.281040
 2304     62.0  -238.466610  -238.746830     0.280220
 2305     62.0  -238.466620  -238.745730     0.279110
 2306     61.0  -238.466620  -238.744320     0.277690
 2307     61.0  -238.466630  -238.742610     0.275980
 2308     61.0  -238.466630  -238.740610     0.273980
 2309     60.0  -238.466650  -238.738350     0.271700
 2310     59.0  -238.466660  -238.735830     0.269180
 2311     59.0  -238.466670  -238.733090     0.266430
 2312     58.0  -238.466670  -238.730170     0.263490
 2313     58.0  -238.466680  -238.727100     0.260410
 2314     57.0  -238.466690  -238.723910     0.257230
 2315     56.0  -238.466700  -238.720680     0.253980
 2316     55.0  -238.466710  -238.717440     0.250730
 2317     55.0  -238.466720  -238.714240     0.247510
 2318     54.0  -238.466730  -238.711120     0.244400
 2319     53.0  -238.466750  -238.708170     0.241420
 2320     53.0  -238.466760  -238.705400     0.238640
 2321     52.0  -238.466780  -238.702870     0.236100
 2322     52.0  -238.466780  -238.700620     0.233840
 2323     51.0  -238.466810  -238.698710     0.231910
 2324     51.0  -238.466820  -238.697160     0.230340
 2325     51.0  -238.466840  -238.695990     0.229160
 2326     50.0  -238.466840  -238.695240     0.228390
 2327     50.0  -238.466870  -238.694930     0.228060
 2328     50.0  -238.466890  -238.695070     0.228180
 2329     51.0  -238.466900  -238.695650     0.228740
 2330     51.0  -238.466920  -238.696670     0.229750
 2331     51.0  -238.466940  -238.698140     0.231200
 2332     52.0  -238.466960  -238.700030     0.233060
 2333     52.0  -238.466980  -238.702310     0.235330
 2334     53.0  -238.467000  -238.704960     0.237960
 2335     53.0  -238.467020  -238.707940     0.240920
 2336     54.0  -238.467040  -238.711210     0.244170
 2337     55.0  -238.467060  -238.714720     0.247670
 2338     56.0  -238.467070  -238.718430     0.251360
 2339     56.0  -238.467090  -238.722290     0.255200
 2340     57.0  -238.467110  -238.726240     0.259130
 2341     58.0  -238.467130  -238.730230     0.263100
 2342     59.0  -238.467150  -238.734200     0.267050
 2343     60.0  -238.467160  -238.738090     0.270930
 2344     61.0  -238.467170  -238.741870     0.274700
 2345     62.0  -238.467200  -238.745500     0.278300
 2346     62.0  -238.467210  -238.748910     0.281690
 2347     63.0  -238.467230  -238.752070     0.284840
 2348     64.0  -238.467240  -238.754960     0.287720
 2349     64.0  -238.467250  -238.757540     0.290300
 2350     65.0  -238.467260  -238.759810     0.292560
 2351     65.0  -238.467270  -238.761750     0.294490
 2352     65.0  -238.467270  -238.763360     0.296090
 2353     66.0  -238.467280  -238.764640     0.297360
 2354     66.0  -238.467280  -238.765610     0.298330
 2355     66.0  -238.467290  -238.766300     0.299010
 2356     66.0  -238.467290  -238.766720     0.299430
 2357     66.0  -238.467300  -238.766920     0.299620
 2358     66.0  -238.467300  -238.766930     0.299630
 2359     66.0  -238.467300  -238.766810     0.299510
 2360     66.0  -238.467290  -238.766590     0.299300
 2361     66.0  -238.467290  -238.766360     0.299070
 2362     66.0  -238.467290  -238.766160     0.298870
 2363     66.0  -238.467290  -238.766050     0.298770
 2364     66.0  -238.467280  -238.766090     0.298810
 2365     66.0  -238.467280  -238.766340     0.299070
 2366     66.0  -238.467270  -238.766860     0.299590
 2367     66.0  -238.467270  -238.767710     0.300440
 2368     67.0  -238.467260  -238.768920     0.301660
 2369     67.0  -238.467250  -238.770550     0.303300
 2370     68.0  -238.467240  -238.772630     0.305390
 2371     68.0  -238.467240  -238.775190     0.307960
 2372     69.0  -238.467230  -238.778260     0.311040
 2373     70.0  -238.467220  -238.781850     0.314630
 2374     70.0  -238.467210  -238.785960     0.318750
 2375     71.0  -238.467200  -238.790580     0.323380
 2376     73.0  -238.467190  -238.795710     0.328520
 2377     74.0  -238.467180  -238.801310     0.334130
 2378     75.0  -238.467170  -238.807360     0.340190
 2379     77.0  -238.467160  -238.813800     0.346640
 2380     78.0  -238.467160  -238.820600     0.353440
 2381     80.0  -238.467150  -238.827680     0.360530
 2382     81.0  -238.467130  -238.834980     0.367850
 2383     83.0  -238.467120  -238.842430     0.375310
 2384     85.0  -238.467110  -238.849950     0.382840
 2385     86.0  -238.467100  -238.857460     0.390360
 2386     88.0  -238.467090  -238.864870     0.397780
 2387     90.0  -238.467070  -238.872100     0.405030
 2388     91.0  -238.467060  -238.879060     0.412000
 2389     93.0  -238.467050  -238.885670     0.418620
 2390     94.0  -238.467040  -238.891830     0.424790
 2391     95.0  -238.467020  -238.897470     0.430450
 2392     96.0  -238.467010  -238.902520     0.435510
 2393     97.0  -238.466990  -238.906890     0.439900
 2394     98.0  -238.466980  -238.910540     0.443560
 2395     99.0  -238.466960  -238.913390     0.446420
 2396     99.0  -238.466940  -238.915390     0.448450
 2397     99.0  -238.466930  -238.916520     0.449590
 2398     99.0  -238.466910  -238.916730     0.449820
 2399     99.0  -238.466890  -238.916010     0.449120
 2400     99.0  -238.466880  -238.914340     0.447470
 2401     98.0  -238.466860  -238.911720     0.444860
 2402     98.0  -238.466840  -238.908150     0.441300
 2403     97.0  -238.466820  -238.903640     0.436820
 2404     95.0  -238.466800  -238.898240     0.431430
 2405     94.0  -238.466790  -238.891960     0.425170
 2406     92.0  -238.466760  -238.884840     0.418090
 2407     91.0  -238.466750  -238.876970     0.410220
 2408     89.0  -238.466730  -238.868360     0.401640
 2409     87.0  -238.466710  -238.859100     0.392390
 2410     85.0  -238.466680  -238.849250     0.382560
 2411     82.0  -238.466670  -238.838890     0.372220
 2412     80.0  -238.466650  -238.828090     0.361440
 2413     77.0  -238.466640  -238.816940     0.350310
 2414     75.0  -238.466620  -238.805520     0.338900
 2415     72.0  -238.466600  -238.793910     0.327310
 2416     70.0  -238.466580  -238.782190     0.315610
 2417     67.0  -238.466570  -238.770460     0.303890
 2418     65.0  -238.466550  -238.758790     0.292240
 2419     62.0  -238.466540  -238.747260     0.280720
 2420     60.0  -238.466530  -238.735940     0.269420
 2421     57.0  -238.466510  -238.724920     0.258410
 2422     55.0  -238.466500  -238.714250     0.247750
 2423     52.0  -238.466490  -238.704000     0.237510
 2424     50.0  -238.466490  -238.694230     0.227740
 2425     48.0  -238.466480  -238.684980     0.218500
 2426     46.0  -238.466470  -238.676300     0.209830
 2427     45.0  -238.466460  -238.668230     0.201770
 2428     43.0  -238.466460  -238.660800     0.194350
 2429     41.0  -238.466460  -238.654050     0.187580
 2430     40.0  -238.466460  -238.647960     0.181500
 2431     39.0  -238.466460  -238.642570     0.176110
 2432     38.0  -238.466450  -238.637870     0.171420
 2433     37.0  -238.466450  -238.633870     0.167420
 2434     36.0  -238.466470  -238.630580     0.164110
 2435     36.0  -238.466470  -238.627950     0.161470
 2436     35.0  -238.466470  -238.625970     0.159500
 2437     35.0  -238.466480  -238.624640     0.158160
 2438     35.0  -238.466490  -238.623920     0.157430
 2439     35.0  -238.466490  -238.623780     0.157290
 2440     35.0  -238.466500  -238.624200     0.157700
 2441     35.0  -238.466510  -238.625140     0.158630
 2442     35.0  -238.466520  -238.626570     0.160050
 2443     36.0  -238.466530  -238.628460     0.161930
 2444     36.0  -238.466540  -238.630770     0.164230
 2445     37.0  -238.466550  -238.633470     0.166920
 2446     38.0  -238.466560  -238.636530     0.169970
 2447     38.0  -238.466580  -238.639920     0.173350
 2448     39.0  -238.466590  -238.643620     0.177030
 2449     40.0  -238.466600  -238.647600     0.181000
 2450     41.0  -238.466610  -238.651850     0.185230
 2451     42.0  -238.466630  -238.656340     0.189710
 2452     43.0  -238.466640  -238.661060     0.194420
 2453     44.0  -238.466650  -238.666010     0.199360
 2454     45.0  -238.466660  -238.671180     0.204510
 2455     46.0  -238.466680  -238.676570     0.209890
 2456     48.0  -238.466690  -238.682170     0.215480
 2457     49.0  -238.466700  -238.688000     0.221300
 2458     50.0  -238.466720  -238.694060     0.227340
 2459     52.0  -238.466730  -238.700360     0.233630
 2460     53.0  -238.466750  -238.706920     0.240160
 2461     55.0  -238.466770  -238.713720     0.246950
 2462     56.0  -238.466780  -238.720800     0.254020
 2463     58.0  -238.466800  -238.728160     0.261360
 2464     59.0  -238.466820  -238.735800     0.268990
 2465     61.0  -238.466830  -238.743740     0.276910
 2466     63.0  -238.466850  -238.751970     0.285130
 2467     65.0  -238.466860  -238.760510     0.293640
 2468     67.0  -238.466880  -238.769330     0.302450
 2469     69.0  -238.466900  -238.778440     0.311540
 2470     71.0  -238.466920  -238.787830     0.320900
 2471     73.0  -238.466940  -238.797450     0.330510
 2472     75.0  -238.466960  -238.807290     0.340330
 2473     77.0  -238.466980  -238.817320     0.350340
 2474     80.0  -238.467000  -238.827500     0.360500
 2475     82.0  -238.467020  -238.837770     0.370750
 2476     84.0  -238.467040  -238.848090     0.381050
 2477     86.0  -238.467060  -238.858390     0.391330
 2478     89.0  -238.467070  -238.868610     0.401530
 2479     91.0  -238.467090  -238.878670     0.411580
 2480     93.0  -238.467110  -238.888510     0.421400
 2481     95.0  -238.467120  -238.898040     0.430920
 2482     97.0  -238.467140  -238.907180     0.440040
 2483     99.0  -238.467160  -238.915850     0.448690
 2484    101.0  -238.467180  -238.923960     0.456790
 2485    103.0  -238.467190  -238.931430     0.464240
 2486    104.0  -238.467210  -238.938170     0.470960
 2487    105.0  -238.467220  -238.944110     0.476880
 2488    107.0  -238.467240  -238.949150     0.481920
 2489    107.0  -238.467250  -238.953250     0.486000
 2490    108.0  -238.467260  -238.956330     0.489070
 2491    109.0  -238.467270  -238.958330     0.491060
 2492    109.0  -238.467280  -238.959200     0.491930
 2493    109.0  -238.467280  -238.958920     0.491630
 2494    108.0  -238.467290  -238.957440     0.490150
 2495    108.0  -238.467290  -238.954750     0.487460
 2496    107.0  -238.467300  -238.950860     0.483550
 2497    106.0  -238.467300  -238.945750     0.478440
 2498    104.0  -238.467300  -238.939450     0.472150
 2499    103.0  -238.467300  -238.932010     0.464700
 2500    101.0  -238.467300  -238.923450     0.456150
 2501     99.0  -238.467300  -238.913840     0.446540
 2502     96.0  -238.467290  -238.903240     0.435960
 2503     94.0  -238.467290  -238.891750     0.424470
 2504     91.0  -238.467280  -238.879440     0.412160
 2505     88.0  -238.467270  -238.866420     0.399150
 2506     85.0  -238.467260  -238.852790     0.385520
 2507     82.0  -238.467250  -238.838670     0.371410
 2508     79.0  -238.467240  -238.824170     0.356930
 2509     76.0  -238.467220  -238.809420     0.342210
 2510     72.0  -238.467210  -238.794580     0.327370
 2511     69.0  -238.467200  -238.779740     0.312540
 2512     66.0  -238.467190  -238.765040     0.297850
 2513     63.0  -238.467170  -238.750600     0.283430
 2514     60.0  -238.467160  -238.736560     0.269400
 2515     57.0  -238.467140  -238.723020     0.255880
 2516     54.0  -238.467120  -238.710100     0.242970
 2517     51.0  -238.467110  -238.697890     0.230790
 2518     48.0  -238.467090  -238.686500     0.219410
 2519     46.0  -238.467070  -238.676000     0.208930
 2520     44.0  -238.467060  -238.666460     0.199410
 2521     42.0  -238.467040  -238.657950     0.190910
 2522     41.0  -238.467030  -238.650500     0.183470
 2523     39.0  -238.467010  -238.644140     0.177130
 2524     38.0  -238.467000  -238.638890     0.171900
 2525     37.0  -238.466980  -238.634760     0.167790
 2526     36.0  -238.466970  -238.631750     0.164780
 2527     36.0  -238.466950  -238.629820     0.162860
 2528     36.0  -238.466940  -238.628930     0.161990
 2529     36.0  -238.466920  -238.629060     0.162130
 2530     36.0  -238.466910  -238.630130     0.163220
 2531     37.0  -238.466900  -238.632090     0.165190
 2532     37.0  -238.466880  -238.634860     0.167980
 2533     38.0  -238.466870  -238.638370     0.171490
 2534     39.0  -238.466860  -238.642520     0.175660
 2535     40.0  -238.466850  -238.647230     0.180390
 2536     41.0  -238.466830  -238.652420     0.185580
 2537     42.0  -238.466820  -238.657980     0.191160
 2538     44.0  -238.466810  -238.663830     0.197020
 2539     45.0  -238.466800  -238.669880     0.203080
 2540     46.0  -238.466780  -238.676040     0.209260
 2541     48.0  -238.466770  -238.682240     0.215470
 2542     49.0  -238.466760  -238.688400     0.221640
 2543     50.0  -238.466750  -238.694450     0.227700
 2544     52.0  -238.466730  -238.700320     0.233590
 2545     53.0  -238.466720  -238.705980     0.239260
 2546     54.0  -238.466710  -238.711370     0.244670
 2547     55.0  -238.466690  -238.716470     0.249780
 2548     56.0  -238.466670  -238.721240     0.254560
 2549     57.0  -238.466660  -238.725670     0.259010
 2550     58.0  -238.466650  -238.729760     0.263110
 2551     59.0  -238.466630  -238.733500     0.266870
 2552     60.0  -238.466620  -238.736920     0.270300
 2553     60.0  -238.466610  -238.740020     0.273410
 2554     61.0  -238.466590  -238.742840     0.276250
 2555     62.0  -238.466580  -238.745410     0.278830
 2556     62.0  -238.466560  -238.747770     0.281210
 2557     63.0  -238.466550  -238.749970     0.283420
 2558     63.0  -238.466530  -238.752050     0.285520
 2559     64.0  -238.466520  -238.754070     0.287550
 2560     64.0  -238.466510  -238.756090     0.289580
 2561     64.0  -238.466500  -238.758150     0.291650
 2562     65.0  -238.466480  -238.760310     0.293830
 2563     65.0  -238.466470  -238.762630     0.296150
 2564     66.0  -238.466470  -238.765160     0.298690
 2565     67.0  -238.466450  -238.767930     0.301470
 2566     67.0  -238.466460  -238.771010     0.304560
 2567     68.0  -238.466450  -238.774420     0.307970
 2568     69.0  -238.466440  -238.778190     0.311750
 2569     70.0  -238.466440  -238.782360     0.315920
 2570     71.0  -238.466440  -238.786940     0.320500
 2571     72.0  -238.466440  -238.791930     0.325490
 2572     73.0  -238.466430  -238.797340     0.330910
 2573     74.0  -238.466440  -238.803180     0.336740
 2574     76.0  -238.466440  -238.809400     0.342960
 2575     77.0  -238.466440  -238.816000     0.349560
 2576     79.0  -238.466450  -238.822940     0.356490
 2577     80.0  -238.466460  -238.830180     0.363720
 2578     82.0  -238.466460  -238.837660     0.371190
 2579     84.0  -238.466470  -238.845340     0.378860
 2580     85.0  -238.466480  -238.853140     0.386660
 2581     87.0  -238.466490  -238.861000     0.394510
 2582     89.0  -238.466500  -238.868840     0.402340
 2583     91.0  -238.466520  -238.876590     0.410080
 2584     92.0  -238.466530  -238.884160     0.417630
 2585     94.0  -238.466540  -238.891460     0.424920
 2586     95.0  -238.466560  -238.898410     0.431850
 2587     97.0  -238.466580  -238.904920     0.438340
 2588     98.0  -238.466590  -238.910900     0.444310
 2589     99.0  -238.466610  -238.916280     0.449670
 2590    100.0  -238.466630  -238.920960     0.454340
 2591    101.0  -238.466650  -238.924890     0.458240
 2592    102.0  -238.466660  -238.927980     0.461320
 2593    102.0  -238.466680  -238.930180     0.463500
 2594    103.0  -238.466690  -238.931420     0.464730
 2595    103.0  -238.466710  -238.931670     0.464960
 2596    103.0  -238.466730  -238.930890     0.464160
 2597    102.0  -238.466740  -238.929040     0.462300
 2598    102.0  -238.466760  -238.926110     0.459360
 2599    101.0  -238.466770  -238.922110     0.455330
 2600    100.0  -238.466780  -238.917010     0.450230
 2601     98.0  -238.466800  -238.910870     0.444070
 2602     97.0  -238.466820  -238.903690     0.436870
 2603     95.0  -238.466820  -238.895500     0.428690
 2604     93.0  -238.466850  -238.886410     0.419560
 2605     91.0  -238.466860  -238.876420     0.409560
 2606     88.0  -238.466870  -238.865620     0.398750
 2607     86.0  -238.466880  -238.854100     0.387220
 2608     83.0  -238.466900  -238.841950     0.375050
 2609     80.0  -238.466900  -238.829250     0.362350
 2610     77.0  -238.466920  -238.816120     0.349210
 2611     74.0  -238.466930  -238.802660     0.335740
 2612     71.0  -238.466930  -238.788980     0.322050
 2613     68.0  -238.466940  -238.775200     0.308250
 2614     65.0  -238.466950  -238.761420     0.294470
 2615     62.0  -238.466960  -238.747770     0.280810
 2616     59.0  -238.466960  -238.734340     0.267380
 2617     56.0  -238.466980  -238.721270     0.254290
 2618     53.0  -238.466980  -238.708620     0.241640
 2619     51.0  -238.466990  -238.696530     0.229540
 2620     48.0  -238.467000  -238.685060     0.218060
 2621     46.0  -238.467010  -238.674300     0.207290
 2622     44.0  -238.467020  -238.664320     0.197310
 2623     42.0  -238.467030  -238.655190     0.188170
 2624     40.0  -238.467040  -238.646960     0.179930
 2625     38.0  -238.467040  -238.639670     0.172620
 2626     37.0  -238.467060  -238.633340     0.166290
 2627     36.0  -238.467070  -238.628010     0.160940
 2628     35.0  -238.467070  -238.623670     0.156590
 2629     34.0  -238.467090  -238.620330     0.153240
 2630     33.0  -238.467100  -238.617960     0.150860
 2631     33.0  -238.467110  -238.616550     0.149440
 2632     33.0  -238.467110  -238.616060     0.148950
 2633     33.0  -238.467120  -238.616460     0.149340
 2634     33.0  -238.467130  -238.617700     0.150570
 2635     34.0  -238.467140  -238.619730     0.152580
 2636     34.0  -238.467150  -238.622470     0.155320
 2637     35.0  -238.467160  -238.625890     0.158730
 2638     36.0  -238.467160  -238.629900     0.162730
 2639     37.0  -238.467170  -238.634440     0.167270
 2640     38.0  -238.467170  -238.639440     0.172270
 2641     39.0  -238.467170  -238.644850     0.177670
 2642     41.0  -238.467180  -238.650590     0.183410
 2643     42.0  -238.467190  -238.656600     0.189410
 2644     43.0  -238.467190  -238.662820     0.195640
 2645     45.0  -238.467190  -238.669210     0.202020
 2646     46.0  -238.467190  -238.675700     0.208510
 2647     48.0  -238.467190  -238.682250     0.215060
 2648     49.0  -238.467180  -238.688830     0.221640
 2649     50.0  -238.467180  -238.695400     0.228220
 2650     52.0  -238.467180  -238.701940     0.234760
 2651     53.0  -238.467170  -238.708420     0.241250
 2652     55.0  -238.467170  -238.714830     0.247660
 2653     56.0  -238.467170  -238.721160     0.253990
 2654     58.0  -238.467160  -238.727390     0.260230
 2655     59.0  -238.467140  -238.733530     0.266380
 2656     60.0  -238.467140  -238.739570     0.272440
 2657     62.0  -238.467130  -238.745530     0.278400
 2658     63.0  -238.467110  -238.751400     0.284280
 2659     64.0  -238.467100  -238.757190     0.290080
 2660     65.0  -238.467090  -238.762910     0.295820
 2661     67.0  -238.467080  -238.768570     0.301480
 2662     68.0  -238.467070  -238.774160     0.307090
 2663     69.0  -238.467060  -238.779700     0.312640
 2664     70.0  -238.467040  -238.785190     0.318140
 2665     72.0  -238.467030  -238.790620     0.323590
 2666     73.0  -238.467020  -238.795990     0.328980
 2667     74.0  -238.467000  -238.801300     0.334300
 2668     75.0  -238.466990  -238.806530     0.339540
 2669     76.0  -238.466970  -238.811670     0.344700
 2670     77.0  -238.466960  -238.816710     0.349750
 2671     78.0  -238.466950  -238.821610     0.354660
 2672     79.0  -238.466940  -238.826360     0.359420
 2673     80.0  -238.466920  -238.830920     0.364000
 2674     81.0  -238.466910  -238.835270     0.368360
 2675     82.0  -238.466890  -238.839360     0.372470
 2676     83.0  -238.466870  -238.843180     0.376310
 2677     84.0  -238.466860  -238.846690     0.379830
 2678     85.0  -238.466850  -238.849850     0.383000
 2679     85.0  -238.466840  -238.852630     0.385790
 2680     86.0  -238.466820  -238.854990     0.388170
 2681     86.0  -238.466800  -238.856910     0.390110
 2682     87.0  -238.466790  -238.858370     0.391570
 2683     87.0  -238.466780  -238.859330     0.392550
 2684     87.0  -238.466770  -238.859780     0.393020
 2685     87.0  -238.466750  -238.859710     0.392960
 2686     87.0  -238.466740  -238.859110     0.392380
 2687     86.0  -238.466720  -238.857980     0.391260
 2688     86.0  -238.466700  -238.856330     0.389620
 2689     86.0  -238.466690  -238.854160     0.387470
 2690     85.0  -238.466670  -238.851490     0.384820
 2691     84.0  -238.466660  -238.848360     0.381700
 2692     84.0  -238.466640  -238.844780     0.378140
 2693     83.0  -238.466630  -238.840810     0.374180
 2694     82.0  -238.466610  -238.836480     0.369870
 2695     81.0  -238.466600  -238.831850     0.365250
 2696     80.0  -238.466580  -238.826960     0.360380
 2697     79.0  -238.466570  -238.821880     0.355310
 2698     77.0  -238.466550  -238.816670     0.350120
 2699     76.0  -238.466540  -238.811390     0.344860
 2700     75.0  -238.466520  -238.806120     0.339600
 2701     74.0  -238.466510  -238.800920     0.334410
 2702     73.0  -238.466500  -238.795850     0.329350
 2703     72.0  -238.466480  -238.790980     0.324500
 2704     71.0  -238.466480  -238.786400     0.319920
 2705     70.0  -238.466470  -238.782140     0.315670
 2706     69.0  -238.466460  -238.778270     0.311810
 2707     68.0  -238.466450  -238.774840     0.308390
 2708     68.0  -238.466430  -238.771900     0.305460
 2709     67.0  -238.466430  -238.769490     0.303060
 2710     67.0  -238.466430  -238.767660     0.301230
 2711     66.0  -238.466430  -238.766420     0.299990
 2712     66.0  -238.466430  -238.765780     0.299350
 2713     66.0  -238.466420  -238.765760     0.299340
 2714     66.0  -238.466420  -238.766370     0.299940
 2715     67.0  -238.466420  -238.767580     0.301160
 2716     67.0  -238.466430  -238.769400     0.302970
 2717     67.0  -238.466430  -238.771780     0.305350
 2718     68.0  -238.466430  -238.774700     0.308260
 2719     69.0  -238.466440  -238.778100     0.311670
 2720     70.0  -238.466450  -238.781950     0.315510
 2721     71.0  -238.466450  -238.786190     0.319730
 2722     72.0  -238.466460  -238.790730     0.324270
 2723     73.0  -238.466470  -238.795520     0.329050
 2724     74.0  -238.466490  -238.800480     0.334000
 2725     75.0  -238.466500  -238.805530     0.339030
 2726     76.0  -238.466510  -238.810580     0.344070
 2727     77.0  -238.466520  -238.815550     0.349020
 2728     78.0  -238.466540  -238.820340     0.353810
 2729     79.0  -238.466550  -238.824880     0.358330
 2730     80.0  -238.466560  -238.829080     0.362520
 2731     81.0  -238.466580  -238.832840     0.366270
 2732     82.0  -238.466590  -238.836100     0.369510
 2733     82.0  -238.466610  -238.838770     0.372170
 2734     83.0  -238.466620  -238.840790     0.374170
 2735     83.0  -238.466640  -238.842090     0.375450
 2736     83.0  -238.466650  -238.842610     0.375960
 2737     83.0  -238.466670  -238.842320     0.375640
 2738     83.0  -238.466690  -238.841160     0.374470
 2739     82.0  -238.466700  -238.839110     0.372410
 2740     82.0  -238.466720  -238.836170     0.369450
 2741     81.0  -238.466740  -238.832320     0.365580
 2742     80.0  -238.466750  -238.827560     0.360810
 2743     79.0  -238.466770  -238.821920     0.355160
 2744     77.0  -238.466780  -238.815430     0.348650
 2745     75.0  -238.466790  -238.808120     0.341330
 2746     74.0  -238.466800  -238.800040     0.333240
 2747     72.0  -238.466810  -238.791270     0.324450
 2748     70.0  -238.466830  -238.781870     0.315040
 2749     67.0  -238.466840  -238.771920     0.305080
 2750     65.0  -238.466840  -238.761510     0.294670
 2751     63.0  -238.466850  -238.750740     0.283890
 2752     60.0  -238.466860  -238.739720     0.272860
 2753     58.0  -238.466880  -238.728560     0.261680
 2754     55.0  -238.466890  -238.717350     0.250460
 2755     53.0  -238.466900  -238.706220     0.239320
 2756     50.0  -238.466910  -238.695270     0.228370
 2757     48.0  -238.466920  -238.684630     0.217710
 2758     46.0  -238.466930  -238.674390     0.207460
 2759     44.0  -238.466940  -238.664670     0.197730
 2760     42.0  -238.466950  -238.655560     0.188610
 2761     40.0  -238.466960  -238.647160     0.180200
 2762     38.0  -238.466970  -238.639550     0.172580
 2763     37.0  -238.466980  -238.632790     0.165820
 2764     35.0  -238.466980  -238.626970     0.159980
 2765     34.0  -238.467000  -238.622130     0.155130
 2766     33.0  -238.467010  -238.618310     0.151300
 2767     33.0  -238.467030  -238.615550     0.148520
 2768     32.0  -238.467040  -238.613850     0.146810
 2769     32.0  -238.467050  -238.613220     0.146170
 2770     32.0  -238.467060  -238.613640     0.146580
 2771     33.0  -238.467070  -238.615100     0.148040
 2772     33.0  -238.467080  -238.617580     0.150500
 2773     34.0  -238.467090  -238.621020     0.153920
 2774     35.0  -238.467100  -238.625360     0.158260
 2775     36.0  -238.467110  -238.630550     0.163440
 2776     37.0  -238.467120  -238.636520     0.169400
 2777     39.0  -238.467130  -238.643190     0.176060
 2778     41.0  -238.467140  -238.650480     0.183340
 2779     42.0  -238.467150  -238.658310     0.191160
 2780     44.0  -238.467160  -238.666590     0.199440
 2781     46.0  -238.467150  -238.675230     0.208070
 2782     48.0  -238.467170  -238.684160     0.216990
 2783     50.0  -238.467180  -238.693280     0.226100
 2784     52.0  -238.467180  -238.702500     0.235320
 2785     54.0  -238.467180  -238.711770     0.244590
 2786     56.0  -238.467190  -238.721010     0.253820
 2787     58.0  -238.467180  -238.730150     0.262970
 2788     60.0  -238.467180  -238.739150     0.271960
 2789     62.0  -238.467180  -238.747940     0.280760
 2790     64.0  -238.467180  -238.756500     0.289330
 2791     66.0  -238.467170  -238.764790     0.297620
 2792     68.0  -238.467170  -238.772800     0.305630
 2793     69.0  -238.467160  -238.780500     0.313340
 2794     71.0  -238.467150  -238.787890     0.320740
 2795     72.0  -238.467140  -238.794970     0.327830
 2796     74.0  -238.467130  -238.801740     0.334620
 2797     75.0  -238.467120  -238.808240     0.341120
 2798     77.0  -238.467110  -238.814460     0.347350
 2799     78.0  -238.467100  -238.820440     0.353340
 2800     79.0  -238.467080  -238.826190     0.359100
 2801     81.0  -238.467070  -238.831750     0.364680
 2802     82.0  -238.467050  -238.837140     0.370080
 2803     83.0  -238.467040  -238.842390     0.375350
 2804     84.0  -238.467030  -238.847540     0.380510
 2805     85.0  -238.467010  -238.852590     0.385580
 2806     86.0  -238.466990  -238.857580     0.390590
 2807     87.0  -238.466970  -238.862520     0.395550
 2808     89.0  -238.466960  -238.867430     0.400470
 2809     90.0  -238.466940  -238.872310     0.405370
 2810     91.0  -238.466920  -238.877160     0.410240
 2811     92.0  -238.466910  -238.882000     0.415080
 2812     93.0  -238.466900  -238.886780     0.419890
 2813     94.0  -238.466880  -238.891520     0.424630
 2814     95.0  -238.466870  -238.896170     0.429300
 2815     96.0  -238.466850  -238.900710     0.433860
 2816     97.0  -238.466840  -238.905110     0.438270
 2817     98.0  -238.466820  -238.909320     0.442500
 2818     99.0  -238.466810  -238.913300     0.446490
 2819    100.0  -238.466800  -238.917010     0.450220
 2820    100.0  -238.466780  -238.920390     0.453610
 2821    101.0  -238.466760  -238.923380     0.456620
 2822    101.0  -238.466750  -238.925950     0.459200
 2823    102.0  -238.466740  -238.928020     0.461280
 2824    102.0  -238.466720  -238.929540     0.462820
 2825    103.0  -238.466710  -238.930470     0.463760
 2826    103.0  -238.466690  -238.930750     0.464060
 2827    102.0  -238.466680  -238.930330     0.463650
 2828    102.0  -238.466670  -238.929180     0.462510
 2829    102.0  -238.466650  -238.927240     0.460590
 2830    101.0  -238.466640  -238.924500     0.457860
 2831    100.0  -238.466620  -238.920920     0.454300
 2832     99.0  -238.466610  -238.916480     0.449880
 2833     98.0  -238.466590  -238.911180     0.444590
 2834     97.0  -238.466580  -238.905010     0.438430
 2835     95.0  -238.466560  -238.897970     0.431410
 2836     94.0  -238.466550  -238.890080     0.423530
 2837     92.0  -238.466530  -238.881360     0.414820
 2838     90.0  -238.466520  -238.871820     0.405310
 2839     87.0  -238.466510  -238.861530     0.395020
 2840     85.0  -238.466500  -238.850510     0.384020
 2841     82.0  -238.466480  -238.838820     0.372340
 2842     80.0  -238.466460  -238.826520     0.360060
 2843     77.0  -238.466450  -238.813690     0.347240
 2844     74.0  -238.466440  -238.800380     0.333950
 2845     71.0  -238.466430  -238.786700     0.320270
 2846     68.0  -238.466420  -238.772710     0.306290
 2847     65.0  -238.466400  -238.758500     0.292100
 2848     61.0  -238.466390  -238.744180     0.277790
 2849     58.0  -238.466370  -238.729830     0.263460
 2850     55.0  -238.466370  -238.715560     0.249200
 2851     52.0  -238.466360  -238.701470     0.235110
 2852     49.0  -238.466350  -238.687660     0.221310
 2853     46.0  -238.466340  -238.674210     0.207870
 2854     43.0  -238.466340  -238.661250     0.194900
 2855     40.0  -238.466340  -238.648840     0.182500
 2856     38.0  -238.466330  -238.637090     0.170760
 2857     35.0  -238.466330  -238.626090     0.159760
 2858     33.0  -238.466330  -238.615910     0.149580
 2859     31.0  -238.466330  -238.606630     0.140310
 2860     29.0  -238.466330  -238.598330     0.132000
 2861     28.0  -238.466330  -238.591060     0.124730
 2862     26.0  -238.466330  -238.584870     0.118540
 2863     25.0  -238.466340  -238.579820     0.113480
 2864     24.0  -238.466350  -238.575930     0.109580
 2865     24.0  -238.466350  -238.573230     0.106880
 2866     23.0  -238.466360  -238.571740     0.105380
 2867     23.0  -238.466370  -238.571460     0.105090
 2868     23.0  -238.466380  -238.572390     0.106010
 2869     24.0  -238.466400  -238.574510     0.108110
 2870     25.0  -238.466410  -238.577800     0.111390
 2871     26.0  -238.466430  -238.582220     0.115790
 2872     27.0  -238.466440  -238.587720     0.121280
 2873     28.0  -238.466460  -238.594250     0.127790
 2874     30.0  -238.466480  -238.601750     0.135280
 2875     32.0  -238.466490  -238.610150     0.143660
 2876     34.0  -238.466510  -238.619370     0.152850
 2877     36.0  -238.466530  -238.629310     0.162780
 2878     38.0  -238.466550  -238.639900     0.173350
 2879     41.0  -238.466580  -238.651040     0.184470
 2880     43.0  -238.466600  -238.662630     0.196030
 2881     46.0  -238.466620  -238.674570     0.207950
 2882     49.0  -238.466640  -238.686750     0.220110
 2883     51.0  -238.466660  -238.699080     0.232420
 2884     54.0  -238.466690  -238.711460     0.244780
 2885     57.0  -238.466710  -238.723790     0.257080
 2886     60.0  -238.466730  -238.735980     0.269250
 2887     62.0  -238.466760  -238.747940     0.281180
 2888     65.0  -238.466780  -238.759580     0.292800
 2889     67.0  -238.466800  -238.770840     0.304040
 2890     70.0  -238.466820  -238.781630     0.314820
 2891     72.0  -238.466840  -238.791920     0.325080
 2892     74.0  -238.466860  -238.801640     0.334790
 2893     76.0  -238.466870  -238.810760     0.343880
 2894     78.0  -238.466890  -238.819240     0.352350
 2895     80.0  -238.466910  -238.827060     0.360160
 2896     81.0  -238.466930  -238.834220     0.367300
 2897     83.0  -238.466930  -238.840710     0.373780
 2898     84.0  -238.466960  -238.846560     0.379600
 2899     85.0  -238.466970  -238.851750     0.384780
 2900     86.0  -238.466980  -238.856330     0.389340
 2901     87.0  -238.467000  -238.860320     0.393330
 2902     88.0  -238.467010  -238.863780     0.396770
 2903     88.0  -238.467020  -238.866740     0.399720
 2904     89.0  -238.467030  -238.869240     0.402220
 2905     89.0  -238.467040  -238.871360     0.404320
 2906     90.0  -238.467050  -238.873130     0.406080
 2907     90.0  -238.467060  -238.874610     0.407540
 2908     90.0  -238.467070  -238.875840     0.408780
 2909     91.0  -238.467070  -238.876890     0.409820
 2910     91.0  -238.467080  -238.877810     0.410720
 2911     91.0  -238.467090  -238.878620     0.411530
 2912     91.0  -238.467090  -238.879370     0.412270
 2913     91.0  -238.467100  -238.880090     0.412990
 2914     91.0  -238.467110  -238.880800     0.413690
 2915     92.0  -238.467110  -238.881500     0.414390
 2916     92.0  -238.467120  -238.882220     0.415110
 2917     92.0  -238.467120  -238.882950     0.415830
 2918     92.0  -238.467110  -238.883650     0.416540
 2919     92.0  -238.467140  -238.884360     0.417230
 2920     92.0  -238.467140  -238.885000     0.417860
 2921     92.0  -238.467150  -238.885540     0.418390
 2922     93.0  -238.467150  -238.885950     0.418790
 2923     93.0  -238.467150  -238.886160     0.419010
 2924     93.0  -238.467150  -238.886150     0.418990
 2925     93.0  -238.467160  -238.885840     0.418680
 2926     92.0  -238.467160  -238.885160     0.418000
 2927     92.0  -238.467160  -238.884070     0.416910
 2928     92.0  -238.467160  -238.882510     0.415350
 2929     91.0  -238.467160  -238.880410     0.413250
 2930     91.0  -238.467150  -238.877720     0.410570
 2931     90.0  -238.467130  -238.874390     0.407260
 2932     89.0  -238.467140  -238.870400     0.403260
 2933     88.0  -238.467140  -238.865700     0.398560
 2934     87.0  -238.467130  -238.860250     0.393130
 2935     86.0  -238.467120  -238.854060     0.386940
 2936     84.0  -238.467110  -238.847110     0.380000
 2937     82.0  -238.467100  -238.839410     0.372310
 2938     80.0  -238.467080  -238.830980     0.363900
 2939     78.0  -238.467070  -238.821850     0.354780
 2940     76.0  -238.467050  -238.812060     0.345010
 2941     74.0  -238.467030  -238.801670     0.334640
 2942     72.0  -238.467010  -238.790730     0.323720
 2943     69.0  -238.467000  -238.779340     0.312340
 2944     66.0  -238.466980  -238.767560     0.300580
 2945     64.0  -238.466960  -238.755490     0.288530
 2946     61.0  -238.466940  -238.743220     0.276280
 2947     58.0  -238.466920  -238.730870     0.263960
 2948     56.0  -238.466890  -238.718550     0.251650
 2949     53.0  -238.466870  -238.706360     0.239490
 2950     50.0  -238.466850  -238.694410     0.227570
 2951     48.0  -238.466830  -238.682830     0.216010
 2952     45.0  -238.466800  -238.671720     0.204910
 2953     43.0  -238.466780  -238.661180     0.194400
 2954     41.0  -238.466760  -238.651320     0.184560
 2955     39.0  -238.466740  -238.642230     0.175490
 2956     37.0  -238.466720  -238.633990     0.167270
 2957     35.0  -238.466700  -238.626690     0.159990
 2958     34.0  -238.466670  -238.620380     0.153710
 2959     33.0  -238.466660  -238.615130     0.148470
 2960     32.0  -238.466640  -238.610970     0.144330
 2961     31.0  -238.466620  -238.607930     0.141320
 2962     31.0  -238.466610  -238.606050     0.139440
 2963     31.0  -238.466590  -238.605310     0.138710
 2964     31.0  -238.466570  -238.605700     0.139130
 2965     31.0  -238.466560  -238.607220     0.140660
 2966     32.0  -238.466550  -238.609820     0.143280
 2967     32.0  -238.466530  -238.613470     0.146940
 2968     34.0  -238.466520  -238.618110     0.151590
 2969     35.0  -238.466510  -238.623670     0.157170
 2970     36.0  -238.466500  -238.630100     0.163600
 2971     38.0  -238.466490  -238.637300     0.170810
 2972     40.0  -238.466480  -238.645200     0.178720
 2973     41.0  -238.466470  -238.653700     0.187230
 2974     43.0  -238.466460  -238.662720     0.196250
 2975     45.0  -238.466450  -238.672150     0.205700
 2976     48.0  -238.466440  -238.681910     0.215470
 2977     50.0  -238.466440  -238.691910     0.225470
 2978     52.0  -238.466430  -238.702050     0.235620
 2979     54.0  -238.466420  -238.712250     0.245820
 2980     57.0  -238.466420  -238.722420     0.255990
 2981     59.0  -238.466420  -238.732480     0.266060
 2982     61.0  -238.466410  -238.742360     0.275950
 2983     63.0  -238.466410  -238.752010     0.285600
 2984     65.0  -238.466410  -238.761350     0.294940
 2985     67.0  -238.466400  -238.770340     0.303940
 2986     69.0  -238.466400  -238.778940     0.312540
 2987     71.0  -238.466390  -238.787110     0.320720
 2988     73.0  -238.466390  -238.794840     0.328450
 2989     74.0  -238.466390  -238.802100     0.335710
 2990     76.0  -238.466390  -238.808880     0.342490
 2991     77.0  -238.466380  -238.815180     0.348800
 2992     78.0  -238.466380  -238.821010     0.354630
 2993     80.0  -238.466380  -238.826380     0.360000
 2994     81.0  -238.466370  -238.831300     0.364930
 2995     82.0  -238.466380  -238.835810     0.369440
 2996     83.0  -238.466370  -238.839920     0.373550
 2997     83.0  -238.466380  -238.843670     0.377300
 2998     84.0  -238.466380  -238.847090     0.380710
 2999     85.0  -238.466380  -238.850200     0.383820
 3000     85.0  -238.466380  -238.853050     0.386670
 3001     86.0  -238.466390  -238.855670     0.389280
 3002     87.0  -238.466390  -238.858080     0.391690
 3003     87.0  -238.466390  -238.860320     0.393930
 3004     88.0  -238.466400  -238.862420     0.396020
 3005     88.0  -238.466400  -238.864400     0.398000
 3006     88.0  -238.466410  -238.866280     0.399870
 3007     89.0  -238.466420  -238.868080     0.401660
 3008     89.0  -238.466430  -238.869810     0.403380
 3009     90.0  -238.466440  -238.871460     0.405020
 3010     90.0  -238.466450  -238.873050     0.406590
 3011     90.0  -238.466460  -238.874550     0.408090
 3012     91.0  -238.466480  -238.875980     0.409500
 3013     91.0  -238.466490  -238.877290     0.410810
 3014     91.0  -238.466500  -238.878490     0.411990
 3015     91.0  -238.466520  -238.879530     0.413010
 3016     91.0  -238.466530  -238.880390     0.413860
 3017     92.0  -238.466550  -238.881040     0.414490
 3018     92.0  -238.466570  -238.881440     0.414870
 3019     92.0  -238.466580  -238.881540     0.414960
 3020     92.0  -238.466590  -238.881310     0.414720
 3021     92.0  -238.466620  -238.880730     0.414110
 3022     91.0  -238.466640  -238.879730     0.413090
 3023     91.0  -238.466660  -238.878280     0.411620
 3024     91.0  -238.466680  -238.876350     0.409670
 3025     90.0  -238.466700  -238.873900     0.407210
 3026     89.0  -238.466710  -238.870910     0.404200
 3027     89.0  -238.466720  -238.867350     0.400620
 3028     88.0  -238.466740  -238.863210     0.396470
 3029     87.0  -238.466760  -238.858470     0.391710
 3030     85.0  -238.466780  -238.853140     0.386370
 3031     84.0  -238.466800  -238.847220     0.380420
 3032     83.0  -238.466810  -238.840710     0.373900
 3033     81.0  -238.466820  -238.833650     0.366830
 3034     79.0  -238.466830  -238.826050     0.359220
 3035     78.0  -238.466850  -238.817970     0.351120
 3036     76.0  -238.466860  -238.809440     0.342580
 3037     74.0  -238.466860  -238.800510     0.333640
 3038     72.0  -238.466870  -238.791250     0.324380
 3039     70.0  -238.466890  -238.781730     0.314840
 3040     67.0  -238.466890  -238.772010     0.305120
 3041     65.0  -238.466910  -238.762190     0.295280
 3042     63.0  -238.466910  -238.752330     0.285410
 3043     61.0  -238.466920  -238.742520     0.275600
 3044     59.0  -238.466920  -238.732850     0.265930
 3045     57.0  -238.466930  -238.723420     0.256490
 3046     55.0  -238.466940  -238.714300     0.247360
 3047     53.0  -238.466950  -238.705580     0.238640
 3048     51.0  -238.466950  -238.697350     0.230400
 3049     49.0  -238.466960  -238.689670     0.222710
 3050     48.0  -238.466960  -238.682630     0.215670
 3051     46.0  -238.466970  -238.676280     0.209310
 3052     45.0  -238.466970  -238.670690     0.203720
 3053     44.0  -238.466970  -238.665900     0.198920
 3054     43.0  -238.466980  -238.661950     0.194970
 3055     42.0  -238.466980  -238.658870     0.191890
 3056     42.0  -238.466980  -238.656680     0.189700
 3057     42.0  -238.466990  -238.655400     0.188410
 3058     42.0  -238.467000  -238.655010     0.188010
 3059     42.0  -238.467000  -238.655500     0.188500
 3060     42.0  -238.467010  -238.656850     0.189840
 3061     42.0  -238.467010  -238.659020     0.192010
 3062     43.0  -238.467020  -238.661970     0.194950
 3063     44.0  -238.467020  -238.665640     0.198610
 3064     45.0  -238.467030  -238.669970     0.202940
 3065     46.0  -238.467030  -238.674890     0.207860
 3066     47.0  -238.467030  -238.680330     0.213300
 3067     48.0  -238.467040  -238.686200     0.219170
 3068     50.0  -238.467040  -238.692430     0.225390
 3069     51.0  -238.467040  -238.698920     0.231880
 3070     53.0  -238.467040  -238.705580     0.238540
 3071     54.0  -238.467030  -238.712330     0.245300
 3072     56.0  -238.467030  -238.719090     0.252050
 3073     57.0  -238.467030  -238.725760     0.258730
 3074     59.0  -238.467030  -238.732270     0.265240
 3075     60.0  -238.467030  -238.738540     0.271520
 3076     61.0  -238.467020  -238.744500     0.277490
 3077     63.0  -238.467000  -238.750100     0.283090
 3078     64.0  -238.466990  -238.755270     0.288270
 3079     65.0  -238.466990  -238.759980     0.292990
 3080     66.0  -238.466990  -238.764190     0.297200
 3081     67.0  -238.466980  -238.767860     0.300870
 3082     67.0  -238.466970  -238.770970     0.304000
 3083     68.0  -238.466960  -238.773520     0.306570
 3084     68.0  -238.466940  -238.775510     0.308570
 3085     69.0  -238.466930  -238.776960     0.310030
 3086     69.0  -238.466910  -238.777870     0.310960
 3087     69.0  -238.466890  -238.778270     0.311380
 3088     69.0  -238.466880  -238.778210     0.311330
 3089     69.0  -238.466860  -238.777710     0.310850
 3090     69.0  -238.466850  -238.776830     0.309990
 3091     68.0  -238.466830  -238.775620     0.308790
 3092     68.0  -238.466810  -238.774140     0.307330
 3093     68.0  -238.466780  -238.772440     0.305650
 3094     67.0  -238.466760  -238.770580     0.303820
 3095     67.0  -238.466760  -238.768660     0.301910
 3096     66.0  -238.466740  -238.766710     0.299970
 3097     66.0  -238.466720  -238.764790     0.298070
 3098     65.0  -238.466700  -238.762970     0.296270
 3099     65.0  -238.466670  -238.761300     0.294630
 3100     65.0  -238.466660  -238.759860     0.293200
 3101     65.0  -238.466640  -238.758670     0.292030
 3102     64.0  -238.466620  -238.757800     0.291170
 3103     64.0  -238.466600  -238.757260     0.290660
 3104     64.0  -238.466590  -238.757110     0.290520
 3105     64.0  -238.466570  -238.757360     0.290790
 3106     64.0  -238.466560  -238.758030     0.291480
 3107     65.0  -238.466540  -238.759140     0.292600
 3108     65.0  -238.466520  -238.760680     0.294160
 3109     65.0  -238.466510  -238.762650     0.296150
 3110     66.0  -238.466490  -238.765050     0.298560
 3111     67.0  -238.466490  -238.767850     0.301370
 3112     67.0  -238.466470  -238.771020     0.304550
 3113     68.0  -238.466460  -238.774550     0.308080
 3114     69.0  -238.466450  -238.778370     0.311920
 3115     70.0  -238.466440  -238.782460     0.316020
 3116     71.0  -238.466430  -238.786770     0.320340
 3117     72.0  -238.466430  -238.791250     0.324830
 3118     73.0  -238.466420  -238.795850     0.329430
 3119     74.0  -238.466410  -238.800500     0.334080
 3120     75.0  -238.466410  -238.805150     0.338740
 3121     76.0  -238.466400  -238.809750     0.343350
 3122     77.0  -238.466390  -238.814230     0.347840
 3123     78.0  -238.466390  -238.818560     0.352170
 3124     79.0  -238.466380  -238.822660     0.356270
 3125     80.0  -238.466380  -238.826490     0.360110
 3126     80.0  -238.466380  -238.830010     0.363640
 3127     81.0  -238.466370  -238.833180     0.366810
 3128     82.0  -238.466370  -238.835960     0.369590
 3129     82.0  -238.466370  -238.838310     0.371950
 3130     83.0  -238.466360  -238.840230     0.373860
 3131     83.0  -238.466360  -238.841680     0.375320
 3132     83.0  -238.466360  -238.842660     0.376300
 3133     83.0  -238.466350  -238.843170     0.376810
 3134     83.0  -238.466350  -238.843200     0.376850
 3135     83.0  -238.466350  -238.842780     0.376430
 3136     83.0  -238.466350  -238.841910     0.375560
 3137     83.0  -238.466340  -238.840620     0.374280
 3138     82.0  -238.466340  -238.838950     0.372610
 3139     82.0  -238.466350  -238.836930     0.370580
 3140     81.0  -238.466350  -238.834590     0.368240
 3141     81.0  -238.466350  -238.831990     0.365640
 3142     80.0  -238.466350  -238.829170     0.362820
 3143     80.0  -238.466350  -238.826190     0.359840
 3144     79.0  -238.466350  -238.823110     0.356750
 3145     78.0  -238.466360  -238.819970     0.353610
 3146     77.0  -238.466360  -238.816840     0.350480
 3147     77.0  -238.466360  -238.813760     0.347400
 3148     76.0  -238.466370  -238.810810     0.344440
 3149     76.0  -238.466380  -238.808010     0.341640
 3150     75.0  -238.466380  -238.805440     0.339050
 3151     74.0  -238.466390  -238.803110     0.336720
 3152     74.0  -238.466400  -238.801080     0.334690
 3153     74.0  -238.466410  -238.799380     0.332980
 3154     73.0  -238.466410  -238.798030     0.331610
 3155     73.0  -238.466420  -238.797040     0.330620
 3156     73.0  -238.466430  -238.796430     0.329990
 3157     73.0  -238.466440  -238.796180     0.329740
 3158     73.0  -238.466460  -238.796320     0.329860
 3159     73.0  -238.466470  -238.796800     0.330320
 3160     73.0  -238.466480  -238.797590     0.331110
 3161     73.0  -238.466490  -238.798680     0.332190
 3162     74.0  -238.466510  -238.800010     0.333500
 3163     74.0  -238.466530  -238.801550     0.335010
 3164     74.0  -238.466550  -238.803210     0.336660
 3165     75.0  -238.466570  -238.804940     0.338370
 3166     75.0  -238.466590  -238.806670     0.340080
 3167     76.0  -238.466610  -238.808330     0.341720
 3168     76.0  -238.466620  -238.809830     0.343210
 3169     76.0  -238.466650  -238.811100     0.344450
 3170     76.0  -238.466660  -238.812050     0.345390
 3171     76.0  -238.466680  -238.812610     0.345920
 3172     76.0  -238.466710  -238.812690     0.345980
 3173     76.0  -238.466730  -238.812220     0.345490
 3174     76.0  -238.466750  -238.811130     0.344380
 3175     76.0  -238.466760  -238.809340     0.342580
 3176     75.0  -238.466790  -238.806820     0.340030
 3177     74.0  -238.466810  -238.803510     0.336700
 3178     74.0  -238.466820  -238.799360     0.332540
 3179     72.0  -238.466830  -238.794360     0.327520
 3180     71.0  -238.466850  -238.788490     0.321640
 3181     70.0  -238.466870  -238.781740     0.314880
 3182     68.0  -238.466880  -238.774140     0.307260
 3183     66.0  -238.466890  -238.765710     0.298810
 3184     64.0  -238.466900  -238.756470     0.289570
 3185     62.0  -238.466910  -238.746500     0.279590
 3186     59.0  -238.466920  -238.735860     0.268940
 3187     57.0  -238.466930  -238.724620     0.257700
 3188     54.0  -238.466930  -238.712890     0.245960
 3189     52.0  -238.466940  -238.700760     0.233830
 3190     49.0  -238.466940  -238.688360     0.221420
 3191     46.0  -238.466950  -238.675810     0.208870
 3192     43.0  -238.466950  -238.663240     0.196290
 3193     41.0  -238.466950  -238.650790     0.183840
 3194     38.0  -238.466950  -238.638610     0.171650
 3195     35.0  -238.466950  -238.626830     0.159870
 3196     33.0  -238.466950  -238.615600     0.148650
 3197     31.0  -238.466950  -238.605070     0.138120
 3198     28.0  -238.466950  -238.595380     0.128430
 3199     26.0  -238.466940  -238.586650     0.119710
 3200     25.0  -238.466940  -238.579020     0.112080
 3201     23.0  -238.466940  -238.572600     0.105660
 3202     22.0  -238.466940  -238.567480     0.100550
 3203     21.0  -238.466940  -238.563770     0.096835
 3204     21.0  -238.466930  -238.561530     0.094598
 3205     21.0  -238.466930  -238.560820     0.093892
 3206     21.0  -238.466930  -238.561690     0.094761
 3207     21.0  -238.466930  -238.564150     0.097226
 3208     22.0  -238.466930  -238.568220     0.101290
 3209     24.0  -238.466930  -238.573880     0.106950
 3210     25.0  -238.466920  -238.581090     0.114160
 3211     27.0  -238.466930  -238.589810     0.122890
 3212     29.0  -238.466920  -238.599980     0.133060
 3213     32.0  -238.466920  -238.611510     0.144590
 3214     35.0  -238.466930  -238.624310     0.157380
 3215     38.0  -238.466930  -238.638250     0.171330
 3216     41.0  -238.466930  -238.653240     0.186310
 3217     45.0  -238.466930  -238.669130     0.202190
 3218     48.0  -238.466930  -238.685770     0.218830
 3219     52.0  -238.466930  -238.703020     0.236090
 3220     56.0  -238.466930  -238.720740     0.253810
 3221     60.0  -238.466930  -238.738780     0.271850
 3222     64.0  -238.466930  -238.756970     0.290040
 3223     68.0  -238.466920  -238.775160     0.308240
 3224     72.0  -238.466920  -238.793220     0.326300
 3225     76.0  -238.466910  -238.810990     0.344080
 3226     80.0  -238.466910  -238.828350     0.361450
 3227     84.0  -238.466900  -238.845170     0.378270
 3228     87.0  -238.466890  -238.861330     0.394440
 3229     91.0  -238.466880  -238.876730     0.409850
 3230     94.0  -238.466870  -238.891270     0.424400
 3231     97.0  -238.466860  -238.904880     0.438020
 3232    100.0  -238.466850  -238.917470     0.450620
 3233    102.0  -238.466840  -238.929010     0.462170
 3234    104.0  -238.466820  -238.939440     0.472610
 3235    107.0  -238.466810  -238.948720     0.481920
 3236    108.0  -238.466790  -238.956860     0.490070
 3237    110.0  -238.466770  -238.963820     0.497050
 3238    111.0  -238.466760  -238.969620     0.502870
 3239    112.0  -238.466740  -238.974280     0.507540
 3240    113.0  -238.466720  -238.977800     0.511080
 3241    114.0  -238.466700  -238.980220     0.513520
 3242    114.0  -238.466680  -238.981580     0.514900
 3243    114.0  -238.466660  -238.981910     0.515250
 3244    114.0  -238.466640  -238.981270     0.514630
 3245    113.0  -238.466620  -238.979720     0.513090
 3246    113.0  -238.466600  -238.977290     0.510680
 3247    112.0  -238.466590  -238.974050     0.507460
 3248    111.0  -238.466570  -238.970050     0.503480
 3249    110.0  -238.466550  -238.965340     0.498790
 3250    109.0  -238.466530  -238.959990     0.493460
 3251    108.0  -238.466510  -238.954050     0.487540
 3252    106.0  -238.466490  -238.947560     0.481070
 3253    105.0  -238.466470  -238.940580     0.474100
 3254    103.0  -238.466460  -238.933150     0.466690
 3255    101.0  -238.466440  -238.925310     0.458870
 3256    100.0  -238.466430  -238.917100     0.450680
 3257     98.0  -238.466420  -238.908570     0.442150
 3258     96.0  -238.466400  -238.899720     0.433320
 3259     94.0  -238.466390  -238.890610     0.424210
 3260     92.0  -238.466370  -238.881230     0.414860
 3261     90.0  -238.466370  -238.871640     0.405270
 3262     87.0  -238.466360  -238.861830     0.395470
 3263     85.0  -238.466350  -238.851830     0.385480
 3264     83.0  -238.466340  -238.841660     0.375320
 3265     81.0  -238.466330  -238.831320     0.364990
 3266     78.0  -238.466310  -238.820830     0.354520
 3267     76.0  -238.466310  -238.810220     0.343920
 3268     74.0  -238.466300  -238.799490     0.333190
 3269     71.0  -238.466290  -238.788660     0.322370
 3270     69.0  -238.466290  -238.777760     0.311470
 3271     66.0  -238.466280  -238.766790     0.300510
 3272     64.0  -238.466280  -238.755780     0.289510
 3273     62.0  -238.466280  -238.744770     0.278490
 3274     59.0  -238.466270  -238.733780     0.267500
 3275     57.0  -238.466270  -238.722830     0.256560
 3276     54.0  -238.466270  -238.711970     0.245710
 3277     52.0  -238.466260  -238.701250     0.234980
 3278     50.0  -238.466260  -238.690690     0.224430
 3279     47.0  -238.466260  -238.680350     0.214090
 3280     45.0  -238.466260  -238.670280     0.204020
 3281     43.0  -238.466260  -238.660540     0.194280
 3282     41.0  -238.466260  -238.651160     0.184900
 3283     39.0  -238.466260  -238.642220     0.175960
 3284     37.0  -238.466260  -238.633760     0.167500
 3285     35.0  -238.466260  -238.625850     0.159590
 3286     34.0  -238.466270  -238.618540     0.152280
 3287     32.0  -238.466270  -238.611890     0.145620
 3288     31.0  -238.466280  -238.605950     0.139670
 3289     30.0  -238.466280  -238.600770     0.134490
 3290     29.0  -238.466290  -238.596400     0.130110
 3291     28.0  -238.466300  -238.592880     0.126580
 3292     27.0  -238.466300  -238.590250     0.123950
 3293     27.0  -238.466310  -238.588540     0.122230
 3294     27.0  -238.466320  -238.587780     0.121460
 3295     27.0  -238.466330  -238.587990     0.121660
 3296     27.0  -238.466350  -238.589180     0.122830
 3297     28.0  -238.466360  -238.591350     0.124990
 3298     28.0  -238.466370  -238.594490     0.128120
 3299     29.0  -238.466390  -238.598600     0.132220
 3300     30.0  -238.466400  -238.603650     0.137250
 3301     32.0  -238.466420  -238.609620     0.143190
 3302     33.0  -238.466440  -238.616450     0.150010
 3303     35.0  -238.466460  -238.624110     0.157650
 3304     37.0  -238.466470  -238.632540     0.166060
 3305     39.0  -238.466490  -238.641670     0.175180
 3306     41.0  -238.466510  -238.651450     0.184940
 3307     43.0  -238.466530  -238.661800     0.195270
 3308     46.0  -238.466560  -238.672640     0.206080
 3309     48.0  -238.466570  -238.683870     0.217290
 3310     51.0  -238.466600  -238.695420     0.228820
 3311     53.0  -238.466620  -238.707190     0.240570
 3312     56.0  -238.466640  -238.719100     0.252460
 3313     58.0  -238.466660  -238.731050     0.264390
 3314     61.0  -238.466690  -238.742950     0.276270
 3315     64.0  -238.466710  -238.754720     0.288010
 3316     66.0  -238.466730  -238.766250     0.299530
 3317     69.0  -238.466740  -238.777480     0.310740
 3318     71.0  -238.466760  -238.788330     0.321570
 3319     73.0  -238.466780  -238.798720     0.331940
 3320     76.0  -238.466800  -238.808590     0.341790
 3321     78.0  -238.466820  -238.817870     0.351060
 3322     80.0  -238.466840  -238.826540     0.359700
 3323     81.0  -238.466860  -238.834530     0.367670
 3324     83.0  -238.466880  -238.841810     0.374940
 3325     84.0  -238.466890  -238.848370     0.381480
 3326     86.0  -238.466900  -238.854190     0.387280
 3327     87.0  -238.466920  -238.859250     0.392340
 3328     88.0  -238.466920  -238.863580     0.396650
 3329     88.0  -238.466940  -238.867180     0.400240
 3330     89.0  -238.466950  -238.870070     0.403120
 3331     90.0  -238.466960  -238.872280     0.405320
 3332     90.0  -238.466970  -238.873850     0.406880
 3333     90.0  -238.466970  -238.874820     0.407850
 3334     90.0  -238.466980  -238.875260     0.408270
 3335     90.0  -238.466990  -238.875190     0.408200
 3336     90.0  -238.466990  -238.874690     0.407690
 3337     90.0  -238.467000  -238.873810     0.406810
 3338     90.0  -238.467000  -238.872610     0.405610
 3339     89.0  -238.467000  -238.871160     0.404160
 3340     89.0  -238.467000  -238.869520     0.402520
 3341     89.0  -238.467010  -238.867750     0.400740
 3342     88.0  -238.467010  -238.865890     0.398890
 3343     88.0  -238.467000  -238.864010     0.397010
 3344     87.0  -238.467010  -238.862160     0.395150
 3345     87.0  -238.467010  -238.860360     0.393360
 3346     87.0  -238.467010  -238.858660     0.391660
 3347     86.0  -238.467000  -238.857090     0.390080
 3348     86.0  -238.467000  -238.855650     0.388650
 3349     86.0  -238.467000  -238.854370     0.387370
 3350     85.0  -238.466990  -238.853240     0.386250
 3351     85.0  -238.466990  -238.852280     0.385290
 3352     85.0  -238.466990  -238.851450     0.384460
 3353     85.0  -238.466980  -238.850740     0.383760
 3354     85.0  -238.466980  -238.850130     0.383160
 3355     85.0  -238.466980  -238.849590     0.382620
 3356     84.0  -238.466970  -238.849080     0.382100
 3357     84.0  -238.466970  -238.848530     0.381570
 3358     84.0  -238.466960  -238.847930     0.380960
 3359     84.0  -238.466960  -238.847200     0.380240
 3360     84.0  -238.466950  -238.846300     0.379350
 3361     84.0  -238.466940  -238.845180     0.378240
 3362     83.0  -238.466940  -238.843780     0.376840
 3363     83.0  -238.466930  -238.842050     0.375120
 3364     82.0  -238.466920  -238.839940     0.373020
 3365     82.0  -238.466900  -238.837400     0.370500
 3366     81.0  -238.466890  -238.834400     0.367510
 3367     80.0  -238.466880  -238.830900     0.364020
 3368     80.0  -238.466870  -238.826860     0.360000
 3369     79.0  -238.466850  -238.822280     0.355420
 3370     77.0  -238.466840  -238.817120     0.350290
 3371     76.0  -238.466820  -238.811400     0.344570
 3372     75.0  -238.466800  -238.805100     0.338290
 3373     73.0  -238.466790  -238.798240     0.331450
 3374     72.0  -238.466760  -238.790840     0.324080
 3375     70.0  -238.466750  -238.782940     0.316190
 3376     68.0  -238.466730  -238.774570     0.307830
 3377     66.0  -238.466710  -238.765760     0.299060
 3378     64.0  -238.466680  -238.756590     0.289910
 3379     62.0  -238.466670  -238.747120     0.280460
 3380     60.0  -238.466640  -238.737410     0.270770
 3381     58.0  -238.466630  -238.727540     0.260920
 3382     55.0  -238.466600  -238.717590     0.250980
 3383     53.0  -238.466580  -238.707640     0.241060
 3384     51.0  -238.466560  -238.697780     0.231220
 3385     49.0  -238.466530  -238.688100     0.221570
 3386     47.0  -238.466510  -238.678700     0.212190
 3387     45.0  -238.466490  -238.669670     0.203180
 3388     43.0  -238.466460  -238.661090     0.194620
 3389     41.0  -238.466440  -238.653050     0.186600
 3390     40.0  -238.466420  -238.645640     0.179210
 3391     38.0  -238.466400  -238.638930     0.172520
 3392     37.0  -238.466380  -238.633000     0.166610
 3393     36.0  -238.466370  -238.627920     0.161550
 3394     35.0  -238.466350  -238.623740     0.157390
 3395     34.0  -238.466330  -238.620530     0.154190
 3396     34.0  -238.466320  -238.618310     0.151990
 3397     33.0  -238.466300  -238.617130     0.150830
 3398     33.0  -238.466280  -238.617010     0.150720
 3399     34.0  -238.466270  -238.617970     0.151690
 3400     34.0  -238.466260  -238.620000     0.153730
 3401     35.0  -238.466240  -238.623090     0.156840
 3402     36.0  -238.466250  -238.627250     0.161010
 3403     37.0  -238.466240  -238.632430     0.166190
 3404     38.0  -238.466230  -238.638590     0.172360
 3405     40.0  -238.466220  -238.645690     0.179460
 3406     41.0  -238.466220  -238.653670     0.187450
 3407     43.0  -238.466210  -238.662460     0.196240
 3408     45.0  -238.466210  -238.671990     0.205780
 3409     48.0  -238.466210  -238.682180     0.215970
 3410     50.0  -238.466210  -238.692950     0.226730
 3411     53.0  -238.466210  -238.704190     0.237970
 3412     55.0  -238.466210  -238.715810     0.249590
 3413     58.0  -238.466220  -238.727710     0.261490
 3414     60.0  -238.466220  -238.739790     0.273570
 3415     63.0  -238.466220  -238.751940     0.285710
 3416     66.0  -238.466230  -238.764050     0.297830
 3417     68.0  -238.466230  -238.776040     0.309800
 3418     71.0  -238.466240  -238.787780     0.321540
 3419     74.0  -238.466240  -238.799190     0.332950
 3420     76.0  -238.466250  -238.810170     0.343920
 3421     78.0  -238.466260  -238.820630     0.354370
 3422     81.0  -238.466260  -238.830490     0.364220
 3423     83.0  -238.466260  -238.839660     0.373400
 3424     84.0  -238.466260  -238.848090     0.381830
 3425     86.0  -238.466290  -238.855750     0.389450
 3426     88.0  -238.466300  -238.862530     0.396230
 3427     89.0  -238.466300  -238.868400     0.402110
 3428     90.0  -238.466320  -238.873380     0.407060
 3429     91.0  -238.466330  -238.877400     0.411070
 3430     92.0  -238.466340  -238.880470     0.414130
 3431     92.0  -238.466350  -238.882600     0.416250
 3432     92.0  -238.466360  -238.883780     0.417420
 3433     92.0  -238.466370  -238.884060     0.417680
 3434     92.0  -238.466390  -238.883450     0.417060
 3435     92.0  -238.466390  -238.882000     0.415610
 3436     91.0  -238.466400  -238.879770     0.413370
 3437     91.0  -238.466410  -238.876810     0.410400
 3438     90.0  -238.466420  -238.873200     0.406780
 3439     89.0  -238.466430  -238.869000     0.402570
 3440     88.0  -238.466440  -238.864290     0.397850
 3441     87.0  -238.466450  -238.859160     0.392700
 3442     86.0  -238.466460  -238.853680     0.387220
 3443     84.0  -238.466470  -238.847970     0.381490
 3444     83.0  -238.466480  -238.842090     0.375600
 3445     82.0  -238.466490  -238.836130     0.369630
 3446     80.0  -238.466500  -238.830170     0.363670
 3447     79.0  -238.466510  -238.824320     0.357810
 3448     78.0  -238.466530  -238.818640     0.352110
 3449     77.0  -238.466550  -238.813190     0.346640
 3450     75.0  -238.466560  -238.808040     0.341480
 3451     74.0  -238.466580  -238.803260     0.336680
 3452     73.0  -238.466590  -238.798870     0.332290
 3453     73.0  -238.466610  -238.794940     0.328330
 3454     72.0  -238.466620  -238.791480     0.324850
 3455     71.0  -238.466640  -238.788500     0.321870
 3456     71.0  -238.466650  -238.786030     0.319380
 3457     70.0  -238.466670  -238.784050     0.317390
 3458     70.0  -238.466680  -238.782560     0.315880
 3459     70.0  -238.466700  -238.781540     0.314840
 3460     69.0  -238.466720  -238.780950     0.314230
 3461     69.0  -238.466730  -238.780760     0.314030
 3462     69.0  -238.466750  -238.780920     0.314170
 3463     70.0  -238.466770  -238.781380     0.314610
 3464     70.0  -238.466790  -238.782090     0.315300
 3465     70.0  -238.466810  -238.782980     0.316170
 3466     70.0  -238.466830  -238.783990     0.317160
 3467     70.0  -238.466840  -238.785060     0.318210
 3468     71.0  -238.466860  -238.786120     0.319260
 3469     71.0  -238.466870  -238.787110     0.320240
 3470     71.0  -238.466890  -238.787980     0.321090
 3471     71.0  -238.466900  -238.788660     0.321760
 3472     71.0  -238.466920  -238.789120     0.322200
 3473     71.0  -238.466930  -238.789290     0.322360
 3474     71.0  -238.466940  -238.789150     0.322220
 3475     71.0  -238.466940  -238.788670     0.321730
 3476     71.0  -238.466950  -238.787830     0.320880
 3477     71.0  -238.466960  -238.786620     0.319660
 3478     70.0  -238.466960  -238.785020     0.318060
 3479     70.0  -238.466970  -238.783060     0.316090
 3480     69.0  -238.466970  -238.780730     0.313760
 3481     69.0  -238.466960  -238.778060     0.311100
 3482     68.0  -238.466970  -238.775100     0.308120
 3483     67.0  -238.466970  -238.771860     0.304880
 3484     67.0  -238.466970  -238.768380     0.301410
 3485     66.0  -238.466970  -238.764730     0.297760
 3486     65.0  -238.466960  -238.760950     0.293980
 3487     64.0  -238.466960  -238.757090     0.290130
 3488     63.0  -238.466960  -238.753210     0.286260
 3489     62.0  -238.466950  -238.749380     0.282420
 3490     62.0  -238.466940  -238.745620     0.278680
 3491     61.0  -238.466930  -238.742030     0.275090
 3492     60.0  -238.466930  -238.738630     0.271700
 3493     59.0  -238.466920  -238.735470     0.268550
 3494     59.0  -238.466920  -238.732600     0.265680
 3495     58.0  -238.466910  -238.730040     0.263130
 3496     58.0  -238.466900  -238.727830     0.260930
 3497     57.0  -238.466890  -238.725990     0.259100
 3498     57.0  -238.466880  -238.724530     0.257650
 3499     57.0  -238.466880  -238.723460     0.256580
 3500     57.0  -238.466870  -238.722770     0.255900
 3501     56.0  -238.466860  -238.722440     0.255590
 3502     57.0  -238.466850  -238.722470     0.255620
 3503     57.0  -238.466850  -238.722830     0.255990
 3504     57.0  -238.466840  -238.723480     0.256640
 3505     57.0  -238.466830  -238.724380     0.257560
 3506     57.0  -238.466820  -238.725500     0.258680
 3507     57.0  -238.466810  -238.726770     0.259960
 3508     58.0  -238.466800  -238.728160     0.261360
 3509     58.0  -238.466790  -238.729610     0.262830
 3510     58.0  -238.466770  -238.731070     0.264300
 3511     59.0  -238.466760  -238.732490     0.265720
 3512     59.0  -238.466750  -238.733810     0.267060
 3513     59.0  -238.466730  -238.734990     0.268250
 3514     60.0  -238.466720  -238.735990     0.269270
 3515     60.0  -238.466710  -238.736760     0.270050
 3516     60.0  -238.466700  -238.737280     0.270590
 3517     60.0  -238.466680  -238.737520     0.270840
 3518     60.0  -238.466670  -238.737460     0.270790
 3519     60.0  -238.466650  -238.737080     0.270430
 3520     60.0  -238.466630  -238.736380     0.269750
 3521     59.0  -238.466610  -238.735380     0.268760
 3522     59.0  -238.466590  -238.734070     0.267470
 3523     59.0  -238.466580  -238.732480     0.265910
 3524     58.0  -238.466550  -238.730640     0.264090
 3525     58.0  -238.466530  -238.728590     0.262060
 3526     57.0  -238.466520  -238.726360     0.259850
 3527     57.0  -238.466500  -238.724010     0.257510
 3528     56.0  -238.466480  -238.721590     0.255110
 3529     56.0  -238.466460  -238.719140     0.252680
 3530     55.0  -238.466430  -238.716730     0.250300
 3531     55.0  -238.466420  -238.714450     0.248020
 3532     54.0  -238.466400  -238.712320     0.245920
 3533     54.0  -238.466380  -238.710430     0.244050
 3534     54.0  -238.466360  -238.708830     0.242470
 3535     53.0  -238.466350  -238.707590     0.241250
 3536     53.0  -238.466330  -238.706770     0.240440
 3537     53.0  -238.466310  -238.706410     0.240090
 3538     53.0  -238.466300  -238.706560     0.240260
 3539     53.0  -238.466280  -238.707270     0.240990
 3540     54.0  -238.466270  -238.708570     0.242310
 3541     54.0  -238.466250  -238.710490     0.244250
 3542     55.0  -238.466240  -238.713070     0.246830
 3543     55.0  -238.466230  -238.716290     0.250060
 3544     56.0  -238.466220  -238.720170     0.253950
 3545     57.0  -238.466210  -238.724700     0.258500
 3546     58.0  -238.466210  -238.729890     0.263680
 3547     60.0  -238.466200  -238.735700     0.269490
 3548     61.0  -238.466200  -238.742090     0.275900
 3549     63.0  -238.466190  -238.749040     0.282850
 3550     64.0  -238.466190  -238.756510     0.290320
 3551     66.0  -238.466190  -238.764440     0.298250
 3552     68.0  -238.466190  -238.772770     0.306580
 3553     70.0  -238.466190  -238.781440     0.315250
 3554     72.0  -238.466190  -238.790380     0.324190
 3555     74.0  -238.466190  -238.799530     0.333340
 3556     76.0  -238.466200  -238.808800     0.342600
 3557     78.0  -238.466200  -238.818120     0.351910
 3558     80.0  -238.466200  -238.827400     0.361200
 3559     82.0  -238.466210  -238.836580     0.370370
 3560     84.0  -238.466220  -238.845570     0.379350
 3561     86.0  -238.466220  -238.854300     0.388070
 3562     88.0  -238.466230  -238.862690     0.396450
 3563     89.0  -238.466240  -238.870660     0.404420
 3564     91.0  -238.466250  -238.878170     0.411920
 3565     93.0  -238.466260  -238.885130     0.418870
 3566     94.0  -238.466270  -238.891500     0.425230
 3567     95.0  -238.466280  -238.897220     0.430950
 3568     96.0  -238.466290  -238.902260     0.435970
 3569     97.0  -238.466300  -238.906570     0.440270
 3570     98.0  -238.466310  -238.910120     0.443820
 3571     99.0  -238.466320  -238.912910     0.446590
 3572     99.0  -238.466330  -238.914900     0.448580
 3573     99.0  -238.466340  -238.916110     0.449770
 3574    100.0  -238.466350  -238.916520     0.450170
 3575     99.0  -238.466360  -238.916140     0.449790
 3576     99.0  -238.466370  -238.915010     0.448640
 3577     99.0  -238.466380  -238.913140     0.446760
 3578     98.0  -238.466390  -238.910560     0.444170
 3579     97.0  -238.466400  -238.907310     0.440910
 3580     97.0  -238.466410  -238.903430     0.437020
 3581     96.0  -238.466420  -238.898970     0.432540
 3582     95.0  -238.466430  -238.893970     0.427540
 3583     93.0  -238.466450  -238.888500     0.422050
 3584     92.0  -238.466460  -238.882600     0.416150
 3585     91.0  -238.466470  -238.876350     0.409870
 3586     89.0  -238.466490  -238.869780     0.403290
 3587     88.0  -238.466490  -238.862950     0.396460
 3588     86.0  -238.466510  -238.855940     0.389430
 3589     84.0  -238.466530  -238.848780     0.382250
 3590     83.0  -238.466540  -238.841520     0.374980
 3591     81.0  -238.466560  -238.834220     0.367660
 3592     80.0  -238.466570  -238.826910     0.360340
 3593     78.0  -238.466580  -238.819630     0.353050
 3594     76.0  -238.466590  -238.812410     0.345820
 3595     75.0  -238.466610  -238.805290     0.338680
 3596     73.0  -238.466630  -238.798280     0.331650
 3597     72.0  -238.466640  -238.791380     0.324750
 3598     70.0  -238.466650  -238.784620     0.317970
 3599     69.0  -238.466670  -238.778000     0.311330
 3600     67.0  -238.466690  -238.771510     0.304820
 3601     66.0  -238.466700  -238.765140     0.298440
 3602     65.0  -238.466710  -238.758870     0.292160
 3603     63.0  -238.466730  -238.752710     0.285980
 3604     62.0  -238.466750  -238.746620     0.279870
 3605     61.0  -238.466760  -238.740580     0.273820
 3606     59.0  -238.466780  -238.734570     0.267790
 3607     58.0  -238.466790  -238.728560     0.261780
 3608     57.0  -238.466800  -238.722540     0.255740
 3609     55.0  -238.466820  -238.716480     0.249660
 3610     54.0  -238.466840  -238.710360     0.243520
 3611     52.0  -238.466850  -238.704150     0.237310
 3612     51.0  -238.466860  -238.697860     0.231010
 3613     50.0  -238.466870  -238.691480     0.224610
 3614     48.0  -238.466880  -238.684990     0.218110
 3615     47.0  -238.466890  -238.678420     0.211530
 3616     45.0  -238.466890  -238.671760     0.204860
 3617     44.0  -238.466900  -238.665040     0.198130
 3618     42.0  -238.466910  -238.658280     0.191370
 3619     41.0  -238.466910  -238.651520     0.184610
 3620     39.0  -238.466910  -238.644800     0.177890
 3621     38.0  -238.466910  -238.638160     0.171250
 3622     36.0  -238.466910  -238.631670     0.164760
 3623     35.0  -238.466910  -238.625390     0.158480
 3624     34.0  -238.466900  -238.619370     0.152470
 3625     32.0  -238.466910  -238.613710     0.146800
 3626     31.0  -238.466910  -238.608460     0.141560
 3627     30.0  -238.466900  -238.603710     0.136810
 3628     29.0  -238.466900  -238.599540     0.132640
 3629     29.0  -238.466890  -238.596020     0.129130
 3630     28.0  -238.466880  -238.593250     0.126360
 3631     27.0  -238.466880  -238.591280     0.124410
 3632     27.0  -238.466870  -238.590200     0.123330
 3633     27.0  -238.466860  -238.590080     0.123220
 3634     27.0  -238.466860  -238.590970     0.124110
 3635     28.0  -238.466850  -238.592920     0.126080
 3636     29.0  -238.466840  -238.595990     0.129150
 3637     29.0  -238.466830  -238.600200     0.133370
 3638     31.0  -238.466820  -238.605580     0.138750
 3639     32.0  -238.466810  -238.612130     0.145320
 3640     34.0  -238.466810  -238.619880     0.153060
 3641     36.0  -238.466810  -238.628780     0.161970
 3642     38.0  -238.466800  -238.638810     0.172010
 3643     40.0  -238.466790  -238.649940     0.183160
 3644     43.0  -238.466780  -238.662120     0.195340
 3645     46.0  -238.466780  -238.675280     0.208510
 3646     49.0  -238.466770  -238.689340     0.222570
 3647     52.0  -238.466760  -238.704210     0.237450
 3648     56.0  -238.466750  -238.719790     0.253040
 3649     60.0  -238.466750  -238.735980     0.269230
 3650     63.0  -238.466740  -238.752640     0.285910
 3651     67.0  -238.466720  -238.769670     0.302950
 3652     71.0  -238.466720  -238.786940     0.320220
 3653     75.0  -238.466720  -238.804300     0.337590
 3654     78.0  -238.466710  -238.821620     0.354910
 3655     82.0  -238.466690  -238.838760     0.372060
 3656     86.0  -238.466690  -238.855590     0.388900
 3657     90.0  -238.466690  -238.871970     0.405290
 3658     93.0  -238.466680  -238.887770     0.421090
 3659     96.0  -238.466660  -238.902860     0.436190
 3660    100.0  -238.466650  -238.917120     0.450470
 3661    103.0  -238.466650  -238.930460     0.463810
 3662    105.0  -238.466630  -238.942740     0.476110
 3663    108.0  -238.466620  -238.953890     0.487280
 3664    110.0  -238.466600  -238.963840     0.497230
 3665    112.0  -238.466600  -238.972500     0.505910
 3666    113.0  -238.466580  -238.979820     0.513240
 3667    115.0  -238.466570  -238.985750     0.519190
 3668    116.0  -238.466550  -238.990270     0.523720
 3669    116.0  -238.466530  -238.993350     0.526810
 3670    117.0  -238.466520  -238.994980     0.528470
 3671    117.0  -238.466500  -238.995190     0.528690
 3672    117.0  -238.466480  -238.993990     0.527500
 3673    116.0  -238.466460  -238.991400     0.524940
 3674    115.0  -238.466440  -238.987470     0.521030
 3675    114.0  -238.466430  -238.982270     0.515850
 3676    113.0  -238.466410  -238.975860     0.509450
 3677    111.0  -238.466380  -238.968290     0.501900
 3678    109.0  -238.466360  -238.959670     0.493300
 3679    107.0  -238.466350  -238.950080     0.483730
 3680    105.0  -238.466320  -238.939600     0.473280
 3681    102.0  -238.466310  -238.928360     0.462050
 3682     99.0  -238.466300  -238.916450     0.450150
 3683     97.0  -238.466280  -238.903960     0.437680
 3684     94.0  -238.466250  -238.891000     0.424750
 3685     91.0  -238.466250  -238.877720     0.411470
 3686     88.0  -238.466230  -238.864170     0.397940
 3687     85.0  -238.466220  -238.850490     0.384270
 3688     82.0  -238.466200  -238.836760     0.370560
 3689     79.0  -238.466190  -238.823100     0.356910
 3690     76.0  -238.466180  -238.809600     0.343420
 3691     73.0  -238.466170  -238.796330     0.330170
 3692     70.0  -238.466160  -238.783400     0.317240
 3693     67.0  -238.466150  -238.770870     0.304720
 3694     65.0  -238.466150  -238.758810     0.292660
 3695     62.0  -238.466140  -238.747280     0.281150
 3696     60.0  -238.466130  -238.736350     0.270220
 3697     57.0  -238.466130  -238.726050     0.259920
 3698     55.0  -238.466130  -238.716420     0.250300
 3699     53.0  -238.466130  -238.707500     0.241380
 3700     52.0  -238.466120  -238.699310     0.233190
 3701     50.0  -238.466120  -238.691860     0.225730
 3702     48.0  -238.466130  -238.685160     0.219030
 3703     47.0  -238.466130  -238.679210     0.213080
 3704     46.0  -238.466130  -238.674000     0.207870
 3705     45.0  -238.466140  -238.669530     0.203390
 3706     44.0  -238.466150  -238.665760     0.199620
 3707     43.0  -238.466150  -238.662690     0.196540
 3708     43.0  -238.466150  -238.660270     0.194110
 3709     43.0  -238.466170  -238.658490     0.192320
 3710     42.0  -238.466180  -238.657290     0.191110
 3711     42.0  -238.466190  -238.656650     0.190450
 3712     42.0  -238.466200  -238.656510     0.190310
 3713     42.0  -238.466210  -238.656850     0.190640
 3714     42.0  -238.466230  -238.657630     0.191400
 3715     43.0  -238.466240  -238.658790     0.192550
 3716     43.0  -238.466260  -238.660300     0.194040
 3717     43.0  -238.466270  -238.662110     0.195840
 3718     44.0  -238.466280  -238.664200     0.197910
 3719     44.0  -238.466300  -238.666520     0.200220
 3720     45.0  -238.466320  -238.669040     0.202730
 3721     45.0  -238.466330  -238.671740     0.205410
 3722     46.0  -238.466340  -238.674580     0.208240
 3723     47.0  -238.466360  -238.677550     0.211190
 3724     47.0  -238.466380  -238.680620     0.214240
 3725     48.0  -238.466390  -238.683780     0.217390
 3726     49.0  -238.466410  -238.687030     0.220620
 3727     49.0  -238.466420  -238.690340     0.223910
 3728     50.0  -238.466440  -238.693720     0.227280
 3729     51.0  -238.466460  -238.697160     0.230700
 3730     52.0  -238.466480  -238.700670     0.234200
 3731     53.0  -238.466490  -238.704250     0.237760
 3732     53.0  -238.466510  -238.707900     0.241390
 3733     54.0  -238.466530  -238.711640     0.245110
 3734     55.0  -238.466540  -238.715470     0.248920
 3735     56.0  -238.466560  -238.719390     0.252830
 3736     57.0  -238.466580  -238.723420     0.256840
 3737     58.0  -238.466590  -238.727560     0.260960
 3738     59.0  -238.466620  -238.731830     0.265210
 3739     60.0  -238.466640  -238.736210     0.269580
 3740     61.0  -238.466650  -238.740730     0.274070
 3741     62.0  -238.466670  -238.745370     0.278700
 3742     63.0  -238.466690  -238.750130     0.283450
 3743     64.0  -238.466710  -238.755020     0.288310
 3744     65.0  -238.466720  -238.760010     0.293290
 3745     66.0  -238.466740  -238.765100     0.298360
 3746     67.0  -238.466760  -238.770270     0.303510
 3747     68.0  -238.466770  -238.775490     0.308720
 3748     69.0  -238.466790  -238.780750     0.313960
 3749     71.0  -238.466800  -238.786020     0.319210
 3750     72.0  -238.466810  -238.791260     0.324440
 3751     73.0  -238.466830  -238.796450     0.329620
 3752     74.0  -238.466850  -238.801550     0.334700
 3753     75.0  -238.466860  -238.806510     0.339660
 3754     76.0  -238.466880  -238.811330     0.344450
 3755     77.0  -238.466890  -238.815930     0.349040
 3756     78.0  -238.466900  -238.820300     0.353390
 3757     79.0  -238.466900  -238.824380     0.357470
 3758     80.0  -238.466920  -238.828160     0.361240
 3759     81.0  -238.466930  -238.831600     0.364670
 3760     81.0  -238.466940  -238.834660     0.367730
 3761     82.0  -238.466950  -238.837330     0.370390
 3762     82.0  -238.466950  -238.839590     0.372630
 3763     83.0  -238.466960  -238.841400     0.374450
 3764     83.0  -238.466960  -238.842770     0.375820
 3765     83.0  -238.466960  -238.843700     0.376740
 3766     83.0  -238.466960  -238.844170     0.377210
 3767     83.0  -238.466960  -238.844190     0.377230
 3768     83.0  -238.466960  -238.843790     0.376830
 3769     83.0  -238.466960  -238.842970     0.376010
 3770     83.0  -238.466960  -238.841750     0.374800
 3771     82.0  -238.466950  -238.840170     0.373220
 3772     82.0  -238.466950  -238.838260     0.371310
 3773     82.0  -238.466940  -238.836040     0.369100
 3774     81.0  -238.466940  -238.833570     0.366630
 3775     80.0  -238.466930  -238.830880     0.363950
 3776     80.0  -238.466920  -238.828010     0.361090
 3777     79.0  -238.466900  -238.825020     0.358110
 3778     78.0  -238.466900  -238.821950     0.355050
 3779     78.0  -238.466890  -238.818840     0.351950
 3780     77.0  -238.466880  -238.815730     0.348850
 3781     76.0  -238.466870  -238.812670     0.345810
 3782     76.0  -238.466850  -238.809700     0.342840
 3783     75.0  -238.466840  -238.806840     0.340000
 3784     75.0  -238.466830  -238.804140     0.337310
 3785     74.0  -238.466810  -238.801620     0.334800
 3786     73.0  -238.466800  -238.799290     0.332490
 3787     73.0  -238.466780  -238.797170     0.330390
 3788     73.0  -238.466770  -238.795290     0.328510
 3789     72.0  -238.466760  -238.793620     0.326860
 3790     72.0  -238.466740  -238.792180     0.325440
 3791     72.0  -238.466720  -238.790960     0.324230
 3792     71.0  -238.466710  -238.789940     0.323230
 3793     71.0  -238.466690  -238.789110     0.322410
 3794     71.0  -238.466680  -238.788430     0.321750
 3795     71.0  -238.466660  -238.787900     0.321230
 3796     71.0  -238.466650  -238.787460     0.320810
 3797     71.0  -238.466630  -238.787090     0.320460
 3798     71.0  -238.466610  -238.786760     0.320140
 3799     71.0  -238.466600  -238.786420     0.319820
 3800     71.0  -238.466580  -238.786030     0.319450
 3801     71.0  -238.466560  -238.785570     0.319000
 3802     70.0  -238.466540  -238.784980     0.318430
 3803     70.0  -238.466520  -238.784230     0.317710
 3804     70.0  -238.466510  -238.783310     0.316800
 3805     70.0  -238.466490  -238.782150     0.315660
 3806     69.0  -238.466480  -238.780750     0.314280
 3807     69.0  -238.466460  -238.779080     0.312620
 3808     69.0  -238.466440  -238.777120     0.310680
 3809     68.0  -238.466420  -238.774860     0.308430
 3810     68.0  -238.466410  -238.772290     0.305880
 3811     67.0  -238.466390  -238.769400     0.303010
 3812     66.0  -238.466370  -238.766210     0.299840
 3813     66.0  -238.466360  -238.762720     0.296370
 3814     65.0  -238.466340  -238.758950     0.292610
 3815     64.0  -238.466320  -238.754920     0.288600
 3816     63.0  -238.466300  -238.750650     0.284340
 3817     62.0  -238.466290  -238.746170     0.279880
 3818     61.0  -238.466270  -238.741530     0.275260
 3819     60.0  -238.466250  -238.736750     0.270500
 3820     59.0  -238.466240  -238.731900     0.265660
 3821     58.0  -238.466230  -238.727000     0.260770
 3822     57.0  -238.466210  -238.722110     0.255900
 3823     56.0  -238.466190  -238.717280     0.251090
 3824     54.0  -238.466180  -238.712570     0.246390
 3825     53.0  -238.466170  -238.708030     0.241860
 3826     53.0  -238.466150  -238.703700     0.237550
 3827     52.0  -238.466140  -238.699650     0.233510
 3828     51.0  -238.466130  -238.695920     0.229790
 3829     50.0  -238.466110  -238.692560     0.226440
 3830     49.0  -238.466110  -238.689620     0.223510
 3831     49.0  -238.466110  -238.687140     0.221030
 3832     48.0  -238.466100  -238.685150     0.219050
 3833     48.0  -238.466090  -238.683690     0.217600
 3834     48.0  -238.466090  -238.682790     0.216710
 3835     48.0  -238.466090  -238.682480     0.216390
 3836     48.0  -238.466090  -238.682760     0.216670
 3837     48.0  -238.466080  -238.683650     0.217560
 3838     48.0  -238.466080  -238.685150     0.219070
 3839     49.0  -238.466080  -238.687270     0.221190
 3840     49.0  -238.466090  -238.689990     0.223910
 3841     50.0  -238.466090  -238.693310     0.227220
 3842     51.0  -238.466100  -238.697190     0.231090
 3843     52.0  -238.466100  -238.701610     0.235510
 3844     53.0  -238.466110  -238.706550     0.240440
 3845     54.0  -238.466120  -238.711950     0.245830
 3846     56.0  -238.466120  -238.717770     0.251640
 3847     57.0  -238.466140  -238.723970     0.257830
 3848     58.0  -238.466150  -238.730490     0.264340
 3849     60.0  -238.466160  -238.737260     0.271100
 3850     61.0  -238.466170  -238.744230     0.278060
 3851     63.0  -238.466190  -238.751350     0.285160
 3852     65.0  -238.466210  -238.758530     0.292320
 3853     66.0  -238.466220  -238.765700     0.299480
 3854     68.0  -238.466240  -238.772810     0.306570
 3855     69.0  -238.466260  -238.779790     0.313530
 3856     71.0  -238.466270  -238.786570     0.320290
 3857     72.0  -238.466290  -238.793080     0.326790
 3858     74.0  -238.466310  -238.799270     0.332960
 3859     75.0  -238.466320  -238.805070     0.338750
 3860     76.0  -238.466350  -238.810460     0.344110
 3861     77.0  -238.466360  -238.815360     0.348990
 3862     78.0  -238.466380  -238.819740     0.353360
 3863     79.0  -238.466400  -238.823580     0.357180
 3864     80.0  -238.466410  -238.826840     0.360430
 3865     80.0  -238.466430  -238.829510     0.363080
 3866     81.0  -238.466450  -238.831590     0.365130
 3867     81.0  -238.466470  -238.833050     0.366580
 3868     81.0  -238.466490  -238.833930     0.367440
 3869     81.0  -238.466500  -238.834220     0.367730
 3870     81.0  -238.466520  -238.833970     0.367460
 3871     81.0  -238.466540  -238.833200     0.366670
 3872     81.0  -238.466550  -238.831950     0.365400
 3873     80.0  -238.466560  -238.830260     0.363700
 3874     80.0  -238.466570  -238.828200     0.361620
 3875     79.0  -238.466590  -238.825820     0.359230
 3876     79.0  -238.466600  -238.823180     0.356580
 3877     78.0  -238.466610  -238.820350     0.353740
 3878     78.0  -238.466620  -238.817410     0.350780
 3879     77.0  -238.466640  -238.814420     0.347780
 3880     76.0  -238.466650  -238.811450     0.344800
 3881     76.0  -238.466660  -238.808580     0.341910
 3882     75.0  -238.466670  -238.805860     0.339190
 3883     74.0  -238.466690  -238.803380     0.336690
 3884     74.0  -238.466690  -238.801170     0.334480
 3885     74.0  -238.466710  -238.799310     0.332600
 3886     73.0  -238.466720  -238.797830     0.331110
 3887     73.0  -238.466740  -238.796770     0.330030
 3888     73.0  -238.466750  -238.796160     0.329410
 3889     73.0  -238.466760  -238.796020     0.329270
 3890     73.0  -238.466770  -238.796370     0.329600
 3891     73.0  -238.466780  -238.797200     0.330420
 3892     73.0  -238.466790  -238.798500     0.331710
 3893     74.0  -238.466790  -238.800250     0.333460
 3894     74.0  -238.466810  -238.802450     0.335640
 3895     75.0  -238.466830  -238.805040     0.338210
 3896     75.0  -238.466840  -238.807960     0.341120
 3897     76.0  -238.466850  -238.811170     0.344320
 3898     77.0  -238.466860  -238.814610     0.347750
 3899     78.0  -238.466870  -238.818200     0.351330
 3900     78.0  -238.466870  -238.821880     0.355010
 3901     79.0  -238.466880  -238.825580     0.358690
 3902     80.0  -238.466890  -238.829200     0.362310
 3903     81.0  -238.466900  -238.832680     0.365780
 3904     82.0  -238.466900  -238.835930     0.369030
 3905     82.0  -238.466900  -238.838880     0.371980
 3906     83.0  -238.466910  -238.841460     0.374550
 3907     83.0  -238.466920  -238.843590     0.376670
 3908     84.0  -238.466920  -238.845210     0.378290
 3909     84.0  -238.466920  -238.846270     0.379350
 3910     84.0  -238.466910  -238.846700     0.379790
 3911     84.0  -238.466920  -238.846500     0.379580
 3912     84.0  -238.466910  -238.845600     0.378680
 3913     83.0  -238.466910  -238.843990     0.377080
 3914     83.0  -238.466900  -238.841660     0.374770
 3915     82.0  -238.466880  -238.838620     0.371730
 3916     81.0  -238.466880  -238.834870     0.367990
 3917     80.0  -238.466870  -238.830430     0.363560
 3918     79.0  -238.466860  -238.825330     0.358470
 3919     78.0  -238.466850  -238.819610     0.352760
 3920     77.0  -238.466830  -238.813310     0.346480
 3921     75.0  -238.466820  -238.806490     0.339670
 3922     73.0  -238.466800  -238.799220     0.332410
 3923     72.0  -238.466790  -238.791550     0.324760
 3924     70.0  -238.466770  -238.783550     0.316790
 3925     68.0  -238.466750  -238.775330     0.308570
 3926     66.0  -238.466740  -238.766930     0.300190
 3927     64.0  -238.466710  -238.758430     0.291720
 3928     63.0  -238.466690  -238.749920     0.283230
 3929     61.0  -238.466670  -238.741490     0.274810
 3930     59.0  -238.466660  -238.733190     0.266530
 3931     57.0  -238.466650  -238.725100     0.258460
 3932     55.0  -238.466630  -238.717290     0.250660
 3933     54.0  -238.466610  -238.709800     0.243190
 3934     52.0  -238.466590  -238.702710     0.236120
 3935     51.0  -238.466570  -238.696050     0.229480
 3936     49.0  -238.466550  -238.689870     0.223310
 3937     48.0  -238.466530  -238.684190     0.217660
 3938     47.0  -238.466510  -238.679040     0.212530
 3939     46.0  -238.466490  -238.674440     0.207950
 3940     45.0  -238.466480  -238.670410     0.203930
 3941     44.0  -238.466470  -238.666930     0.200470
 3942     44.0  -238.466450  -238.664010     0.197550
 3943     43.0  -238.466440  -238.661620     0.195180
 3944     43.0  -238.466420  -238.659750     0.193330
 3945     42.0  -238.466400  -238.658380     0.191980
 3946     42.0  -238.466400  -238.657490     0.191100
 3947     42.0  -238.466380  -238.657030     0.190650
 3948     42.0  -238.466360  -238.656960     0.190600
 3949     42.0  -238.466350  -238.657260     0.190910
 3950     42.0  -238.466340  -238.657880     0.191540
 3951     43.0  -238.466320  -238.658780     0.192460
 3952     43.0  -238.466300  -238.659930     0.193620
 3953     43.0  -238.466290  -238.661290     0.195000
 3954     43.0  -238.466280  -238.662820     0.196540
 3955     44.0  -238.466260  -238.664490     0.198230
 3956     44.0  -238.466260  -238.666290     0.200030
 3957     45.0  -238.466240  -238.668170     0.201920
 3958     45.0  -238.466230  -238.670120     0.203890
 3959     46.0  -238.466220  -238.672130     0.205910
 3960     46.0  -238.466200  -238.674190     0.207990
 3961     46.0  -238.466190  -238.676310     0.210120
 3962     47.0  -238.466180  -238.678480     0.212300
 3963     47.0  -238.466170  -238.680710     0.214540
 3964     48.0  -238.466150  -238.683020     0.216860
 3965     48.0  -238.466150  -238.685430     0.219280
 3966     49.0  -238.466140  -238.687960     0.221820
 3967     50.0  -238.466130  -238.690650     0.224510
 3968     50.0  -238.466120  -238.693510     0.227390
 3969     51.0  -238.466110  -238.696580     0.230480
 3970     52.0  -238.466100  -238.699920     0.233820
 3971     52.0  -238.466100  -238.703550     0.237450
 3972     53.0  -238.466090  -238.707500     0.241410
 3973     54.0  -238.466090  -238.711820     0.245740
 3974     55.0  -238.466080  -238.716550     0.250460
 3975     57.0  -238.466070  -238.721700     0.255630
 3976     58.0  -238.466070  -238.727330     0.261250
 3977     59.0  -238.466070  -238.733440     0.267370
 3978     61.0  -238.466070  -238.740070     0.274000
 3979     62.0  -238.466070  -238.747230     0.281160
 3980     64.0  -238.466070  -238.754920     0.288850
 3981     66.0  -238.466080  -238.763150     0.297070
 3982     68.0  -238.466080  -238.771910     0.305830
 3983     70.0  -238.466090  -238.781180     0.315090
 3984     72.0  -238.466090  -238.790940     0.324850
 3985     74.0  -238.466100  -238.801170     0.335070
 3986     76.0  -238.466110  -238.811810     0.345700
 3987     79.0  -238.466110  -238.822820     0.356710
 3988     81.0  -238.466120  -238.834140     0.368020
 3989     84.0  -238.466140  -238.845720     0.379580
 3990     86.0  -238.466150  -238.857460     0.391310
 3991     89.0  -238.466160  -238.869290     0.403130
 3992     92.0  -238.466180  -238.881130     0.414950
 3993     94.0  -238.466190  -238.892880     0.426690
 3994     97.0  -238.466200  -238.904440     0.438240
 3995     99.0  -238.466220  -238.915720     0.449500
 3996    102.0  -238.466240  -238.926620     0.460380
 3997    104.0  -238.466250  -238.937010     0.470760
 3998    106.0  -238.466270  -238.946820     0.480550
 3999    108.0  -238.466290  -238.955930     0.489630
 4000    110.0  -238.466310  -238.964230     0.497920
 4001    112.0  -238.466330  -238.971640     0.505310
 4002    113.0  -238.466350  -238.978060     0.511710
 4003    114.0  -238.466370  -238.983410     0.517030
 4004    115.0  -238.466390  -238.987610     0.521210
 4005    116.0  -238.466410  -238.990580     0.524180
 4006    116.0  -238.466430  -238.992290     0.525860
 4007    116.0  -238.466450  -238.992670     0.526220
 4008    116.0  -238.466460  -238.991680     0.525220
 4009    116.0  -238.466480  -238.989310     0.522830
 4010    115.0  -238.466490  -238.985550     0.519050
 4011    114.0  -238.466500  -238.980380     0.513880
 4012    112.0  -238.466520  -238.973840     0.507320
 4013    110.0  -238.466540  -238.965950     0.499420
 4014    108.0  -238.466550  -238.956750     0.490200
 4015    106.0  -238.466560  -238.946290     0.479730
 4016    103.0  -238.466570  -238.934650     0.468070
 4017    101.0  -238.466590  -238.921890     0.455300
 4018     98.0  -238.466590  -238.908100     0.441510
 4019     94.0  -238.466600  -238.893390     0.426790
 4020     91.0  -238.466620  -238.877880     0.411260
 4021     87.0  -238.466630  -238.861660     0.395040
 4022     84.0  -238.466630  -238.844870     0.378240
 4023     80.0  -238.466640  -238.827640     0.361010
 4024     76.0  -238.466640  -238.810110     0.343470
 4025     72.0  -238.466650  -238.792400     0.325760
 4026     68.0  -238.466650  -238.774670     0.308020
 4027     64.0  -238.466660  -238.757050     0.290390
 4028     60.0  -238.466660  -238.739680     0.273010
 4029     57.0  -238.466670  -238.722680     0.256010
 4030     53.0  -238.466680  -238.706200     0.239520
 4031     49.0  -238.466680  -238.690340     0.223660
 4032     46.0  -238.466680  -238.675220     0.208540
 4033     43.0  -238.466690  -238.660960     0.194260
 4034     40.0  -238.466700  -238.647630     0.180930
 4035     37.0  -238.466700  -238.635330     0.168630
 4036     35.0  -238.466710  -238.624120     0.157420
 4037     33.0  -238.466710  -238.614070     0.147360
 4038     31.0  -238.466720  -238.605220     0.138500
 4039     29.0  -238.466720  -238.597610     0.130880
 4040     28.0  -238.466730  -238.591240     0.124510
 4041     26.0  -238.466740  -238.586140     0.119400
 4042     26.0  -238.466740  -238.582290     0.115540
 4043     25.0  -238.466750  -238.579660     0.112920
 4044     25.0  -238.466750  -238.578250     0.111500
 4045     25.0  -238.466750  -238.577990     0.111240
 4046     25.0  -238.466760  -238.578850     0.112090
 4047     25.0  -238.466770  -238.580760     0.113990
 4048     26.0  -238.466770  -238.583650     0.116880
 4049     27.0  -238.466770  -238.587460     0.120680
 4050     28.0  -238.466780  -238.592090     0.125320
 4051     29.0  -238.466780  -238.597470     0.130700
 4052     30.0  -238.466780  -238.603530     0.136750
 4053     32.0  -238.466780  -238.610160     0.143380
 4054     33.0  -238.466780  -238.617290     0.150510
 4055     35.0  -238.466780  -238.624830     0.158050
 4056     37.0  -238.466780  -238.632700     0.165920
 4057     38.0  -238.466770  -238.640820     0.174050
 4058     40.0  -238.466760  -238.649120     0.182360
 4059     42.0  -238.466760  -238.657540     0.190780
 4060     44.0  -238.466750  -238.666010     0.199260
 4061     46.0  -238.466750  -238.674480     0.207730
 4062     48.0  -238.466740  -238.682900     0.216160
 4063     50.0  -238.466720  -238.691220     0.224500
 4064     51.0  -238.466720  -238.699440     0.232720
 4065     53.0  -238.466710  -238.707500     0.240790
 4066     55.0  -238.466700  -238.715400     0.248710
 4067     57.0  -238.466690  -238.723130     0.256440
 4068     58.0  -238.466670  -238.730670     0.264000
 4069     60.0  -238.466660  -238.738030     0.271370
 4070     62.0  -238.466640  -238.745220     0.278580
 4071     63.0  -238.466620  -238.752230     0.285610
 4072     65.0  -238.466610  -238.759110     0.292500
 4073     66.0  -238.466600  -238.765840     0.299250
 4074     68.0  -238.466580  -238.772460     0.305870
 4075     69.0  -238.466570  -238.778970     0.312400
 4076     70.0  -238.466550  -238.785390     0.318840
 4077     72.0  -238.466530  -238.791750     0.325210
 4078     73.0  -238.466520  -238.798050     0.331530
 4079     75.0  -238.466500  -238.804310     0.337810
 4080     76.0  -238.466490  -238.810540     0.344050
 4081     77.0  -238.466470  -238.816740     0.350270
 4082     79.0  -238.466450  -238.822920     0.356460
 4083     80.0  -238.466440  -238.829060     0.362620
 4084     82.0  -238.466420  -238.835160     0.368740
 4085     83.0  -238.466410  -238.841220     0.374810
 4086     84.0  -238.466400  -238.847210     0.380810
 4087     85.0  -238.466380  -238.853100     0.386720
 4088     87.0  -238.466360  -238.858860     0.392500
 4089     88.0  -238.466360  -238.864490     0.398140
 4090     89.0  -238.466350  -238.869930     0.403580
 4091     90.0  -238.466340  -238.875130     0.408790
 4092     91.0  -238.466320  -238.880050     0.413730
 4093     92.0  -238.466310  -238.884670     0.418360
 4094     93.0  -238.466300  -238.888920     0.422620
 4095     94.0  -238.466290  -238.892770     0.426480
 4096     95.0  -238.466280  -238.896170     0.429890
 4097     96.0  -238.466260  -238.899060     0.432790
 4098     96.0  -238.466260  -238.901410     0.435150
 4099     97.0  -238.466250  -238.903180     0.436930
 4100     97.0  -238.466240  -238.904320     0.438090
 4101     97.0  -238.466230  -238.904820     0.438590
 4102     97.0  -238.466220  -238.904630     0.438410
 4103     97.0  -238.466210  -238.903730     0.437520
 4104     96.0  -238.466200  -238.902110     0.435910
 4105     96.0  -238.466180  -238.899750     0.433570
 4106     95.0  -238.466180  -238.896660     0.430480
 4107     94.0  -238.466160  -238.892830     0.426660
 4108     93.0  -238.466160  -238.888280     0.422120
 4109     92.0  -238.466160  -238.883030     0.416870
 4110     91.0  -238.466150  -238.877090     0.410940
 4111     89.0  -238.466130  -238.870490     0.404360
 4112     88.0  -238.466130  -238.863310     0.397180
 4113     86.0  -238.466130  -238.855560     0.389430
 4114     84.0  -238.466120  -238.847300     0.381180
 4115     82.0  -238.466110  -238.838580     0.372480
 4116     80.0  -238.466100  -238.829490     0.363390
 4117     78.0  -238.466090  -238.820080     0.353990
 4118     76.0  -238.466090  -238.810430     0.344340
 4119     74.0  -238.466090  -238.800610     0.334530
 4120     72.0  -238.466080  -238.790710     0.324630
 4121     70.0  -238.466070  -238.780790     0.314720
 4122     67.0  -238.466070  -238.770960     0.304890
 4123     65.0  -238.466070  -238.761280     0.295200
 4124     63.0  -238.466060  -238.751810     0.285750
 4125     61.0  -238.466070  -238.742670     0.276600
 4126     59.0  -238.466070  -238.733900     0.267830
 4127     57.0  -238.466070  -238.725570     0.259510
 4128     56.0  -238.466080  -238.717770     0.251690
 4129     54.0  -238.466080  -238.710530     0.244450
 4130     53.0  -238.466080  -238.703910     0.237830
 4131     51.0  -238.466090  -238.697960     0.231870
 4132     50.0  -238.466090  -238.692700     0.226610
 4133     49.0  -238.466100  -238.688180     0.222090
 4134     48.0  -238.466100  -238.684420     0.218310
 4135     48.0  -238.466110  -238.681410     0.215300
 4136     47.0  -238.466120  -238.679180     0.213060
 4137     47.0  -238.466130  -238.677710     0.211580
 4138     47.0  -238.466140  -238.677000     0.210860
 4139     47.0  -238.466150  -238.677010     0.210860
 4140     47.0  -238.466170  -238.677720     0.211560
 4141     47.0  -238.466180  -238.679110     0.212920
 4142     48.0  -238.466200  -238.681110     0.214910
 4143     48.0  -238.466210  -238.683680     0.217470
 4144     49.0  -238.466230  -238.686780     0.220550
 4145     50.0  -238.466250  -238.690340     0.224090
 4146     50.0  -238.466270  -238.694300     0.228030
 4147     51.0  -238.466290  -238.698600     0.232310
 4148     52.0  -238.466300  -238.703160     0.236860
 4149     53.0  -238.466320  -238.707930     0.241610
 4150     54.0  -238.466340  -238.712840     0.246500
 4151     56.0  -238.466360  -238.717830     0.251470
 4152     57.0  -238.466380  -238.722820     0.256450
 4153     58.0  -238.466390  -238.727770     0.261380
 4154     59.0  -238.466410  -238.732620     0.266210
 4155     60.0  -238.466440  -238.737320     0.270880
 4156     61.0  -238.466450  -238.741820     0.275360
 4157     62.0  -238.466470  -238.746080     0.279610
 4158     63.0  -238.466480  -238.750070     0.283590
 4159     63.0  -238.466500  -238.753770     0.287280
 4160     64.0  -238.466520  -238.757170     0.290650
 4161     65.0  -238.466540  -238.760240     0.293700
 4162     66.0  -238.466550  -238.762980     0.296420
 4163     66.0  -238.466570  -238.765380     0.298820
 4164     67.0  -238.466580  -238.767470     0.300890
 4165     67.0  -238.466600  -238.769260     0.302660
 4166     67.0  -238.466610  -238.770750     0.304140
 4167     67.0  -238.466620  -238.771990     0.305360
 4168     68.0  -238.466640  -238.772980     0.306340
 4169     68.0  -238.466640  -238.773760     0.307120
 4170     68.0  -238.466660  -238.774380     0.307730
 4171     68.0  -238.466670  -238.774860     0.308190
 4172     68.0  -238.466680  -238.775240     0.308550
 4173     68.0  -238.466690  -238.775540     0.308850
 4174     68.0  -238.466700  -238.775810     0.309110
 4175     68.0  -238.466710  -238.776080     0.309370
 4176     68.0  -238.466720  -238.776370     0.309650
 4177     69.0  -238.466730  -238.776710     0.309980
 4178     69.0  -238.466740  -238.777120     0.310390
 4179     69.0  -238.466740  -238.777620     0.310880
 4180     69.0  -238.466750  -238.778230     0.311480
 4181     69.0  -238.466760  -238.778940     0.312180
 4182     69.0  -238.466760  -238.779760     0.312990
 4183     69.0  -238.466770  -238.780680     0.313910
 4184     70.0  -238.466780  -238.781710     0.314930
 4185     70.0  -238.466780  -238.782820     0.316040
 4186     70.0  -238.466790  -238.784000     0.317210
 4187     70.0  -238.466790  -238.785220     0.318430
 4188     71.0  -238.466800  -238.786480     0.319680
 4189     71.0  -238.466800  -238.787730     0.320930
 4190     71.0  -238.466810  -238.788950     0.322150
 4191     71.0  -238.466810  -238.790120     0.323310
 4192     72.0  -238.466810  -238.791200     0.324400
 4193     72.0  -238.466810  -238.792180     0.325370
 4194     72.0  -238.466810  -238.793020     0.326210
 4195     72.0  -238.466800  -238.793710     0.326900
 4196     72.0  -238.466800  -238.794220     0.327420
 4197     72.0  -238.466800  -238.794550     0.327750
 4198     72.0  -238.466800  -238.794690     0.327890
 4199     72.0  -238.466790  -238.794620     0.327830
 4200     72.0  -238.466780  -238.794360     0.327570
 4201     72.0  -238.466780  -238.793900     0.327120
 4202     72.0  -238.466770  -238.793260     0.326490
 4203     72.0  -238.466760  -238.792460     0.325700
 4204     72.0  -238.466750  -238.791520     0.324770
 4205     72.0  -238.466740  -238.790460     0.323720
 4206     71.0  -238.466730  -238.789310     0.322590
 4207     71.0  -238.466710  -238.788120     0.321400
 4208     71.0  -238.466700  -238.786900     0.320200
 4209     71.0  -238.466680  -238.785700     0.319020
 4210     70.0  -238.466670  -238.784560     0.317890
 4211     70.0  -238.466660  -238.783510     0.316850
 4212     70.0  -238.466640  -238.782590     0.315950
 4213     70.0  -238.466620  -238.781820     0.315200
 4214     70.0  -238.466600  -238.781260     0.314650
 4215     69.0  -238.466590  -238.780910     0.314320
 4216     69.0  -238.466570  -238.780800     0.314230
 4217     69.0  -238.466550  -238.780950     0.314400
 4218     70.0  -238.466530  -238.781370     0.314840
 4219     70.0  -238.466510  -238.782060     0.315550
 4220     70.0  -238.466490  -238.783040     0.316550
 4221     70.0  -238.466470  -238.784300     0.317820
 4222     71.0  -238.466460  -238.785820     0.319350
 4223     71.0  -238.466450  -238.787580     0.321130
 4224     71.0  -238.466430  -238.789570     0.323140
 4225     72.0  -238.466410  -238.791750     0.325340
 4226     72.0  -238.466400  -238.794100     0.327710
 4227     73.0  -238.466380  -238.796590     0.330210
 4228     74.0  -238.466370  -238.799160     0.332790
 4229     74.0  -238.466350  -238.801780     0.335430
 4230     75.0  -238.466340  -238.804420     0.338080
 4231     75.0  -238.466330  -238.807010     0.340680
 4232     76.0  -238.466310  -238.809520     0.343210
 4233     76.0  -238.466300  -238.811900     0.345600
 4234     77.0  -238.466280  -238.814100     0.347820
 4235     77.0  -238.466270  -238.816090     0.349830
 4236     78.0  -238.466250  -238.817830     0.351580
 4237     78.0  -238.466240  -238.819270     0.353030
 4238     78.0  -238.466220  -238.820380     0.354150
 4239     78.0  -238.466220  -238.821130     0.354910
 4240     79.0  -238.466210  -238.821490     0.355280
 4241     79.0  -238.466190  -238.821430     0.355230
 4242     78.0  -238.466180  -238.820930     0.354750
 4243     78.0  -238.466170  -238.819990     0.353820
 4244     78.0  -238.466160  -238.818580     0.352420
 4245     77.0  -238.466150  -238.816710     0.350560
 4246     77.0  -238.466140  -238.814380     0.348240
 4247     76.0  -238.466120  -238.811570     0.345450
 4248     76.0  -238.466110  -238.808320     0.342210
 4249     75.0  -238.466100  -238.804640     0.338540
 4250     74.0  -238.466090  -238.800540     0.334450
 4251     73.0  -238.466080  -238.796040     0.329960
 4252     72.0  -238.466070  -238.791180     0.325110
 4253     71.0  -238.466060  -238.785980     0.319930
 4254     70.0  -238.466050  -238.780490     0.314450
 4255     68.0  -238.466040  -238.774750     0.308710
 4256     67.0  -238.466040  -238.768790     0.302750
 4257     66.0  -238.466030  -238.762660     0.296630
 4258     64.0  -238.466030  -238.756410     0.290380
 4259     63.0  -238.466020  -238.750090     0.284060
 4260     61.0  -238.466020  -238.743730     0.277720
 4261     60.0  -238.466020  -238.737410     0.271390
 4262     59.0  -238.466020  -238.731170     0.265150
 4263     57.0  -238.466020  -238.725050     0.259030
 4264     56.0  -238.466020  -238.719110     0.253090
 4265     55.0  -238.466020  -238.713400     0.247380
 4266     53.0  -238.466020  -238.707960     0.241940
 4267     52.0  -238.466020  -238.702830     0.236810
 4268     51.0  -238.466020  -238.698070     0.232050
 4269     50.0  -238.466030  -238.693720     0.227690
 4270     49.0  -238.466030  -238.689800     0.223770
 4271     49.0  -238.466050  -238.686360     0.220310
 4272     48.0  -238.466050  -238.683410     0.217360
 4273     48.0  -238.466060  -238.680980     0.214920
 4274     47.0  -238.466070  -238.679100     0.213030
 4275     47.0  -238.466080  -238.677770     0.211700
 4276     47.0  -238.466090  -238.677020     0.210930
 4277     47.0  -238.466100  -238.676840     0.210740
 4278     47.0  -238.466110  -238.677230     0.211120
 4279     47.0  -238.466130  -238.678200     0.212070
 4280     47.0  -238.466140  -238.679720     0.213580
 4281     48.0  -238.466160  -238.681800     0.215640
 4282     48.0  -238.466170  -238.684400     0.218220
 4283     49.0  -238.466180  -238.687490     0.221310
 4284     50.0  -238.466210  -238.691090     0.224880
 4285     51.0  -238.466220  -238.695110     0.228890
 4286     52.0  -238.466240  -238.699550     0.233310
 4287     53.0  -238.466260  -238.704370     0.238110
 4288     54.0  -238.466280  -238.709510     0.243240
 4289     55.0  -238.466290  -238.714950     0.248650
 4290     56.0  -238.466320  -238.720630     0.254310
 4291     58.0  -238.466330  -238.726510     0.260170
 4292     59.0  -238.466350  -238.732540     0.266190
 4293     60.0  -238.466370  -238.738680     0.272310
 4294     62.0  -238.466390  -238.744880     0.278490
 4295     63.0  -238.466410  -238.751090     0.284680
 4296     64.0  -238.466430  -238.757270     0.290840
 4297     66.0  -238.466450  -238.763380     0.296930
 4298     67.0  -238.466470  -238.769380     0.302910
 4299     68.0  -238.466480  -238.775230     0.308740
 4300     69.0  -238.466500  -238.780890     0.314390
 4301     71.0  -238.466520  -238.786340     0.319820
 4302     72.0  -238.466530  -238.791550     0.325010
 4303     73.0  -238.466550  -238.796490     0.329940
 4304     74.0  -238.466560  -238.801150     0.334590
 4305     75.0  -238.466580  -238.805520     0.338940
 4306     76.0  -238.466600  -238.809580     0.342990
 4307     77.0  -238.466610  -238.813340     0.346730
 4308     77.0  -238.466620  -238.816780     0.350150
 4309     78.0  -238.466630  -238.819910     0.353280
 4310     79.0  -238.466640  -238.822750     0.356110
 4311     79.0  -238.466650  -238.825310     0.358650
 4312     80.0  -238.466670  -238.827590     0.360930
 4313     80.0  -238.466680  -238.829630     0.362950
 4314     81.0  -238.466690  -238.831440     0.364750
 4315     81.0  -238.466700  -238.833050     0.366350
 4316     81.0  -238.466710  -238.834480     0.367770
 4317     82.0  -238.466720  -238.835760     0.369050
 4318     82.0  -238.466720  -238.836930     0.370210
 4319     82.0  -238.466730  -238.838000     0.371270
 4320     82.0  -238.466730  -238.839010     0.372280
 4321     83.0  -238.466730  -238.839990     0.373250
 4322     83.0  -238.466740  -238.840950     0.374220
 4323     83.0  -238.466740  -238.841940     0.375190
 4324     83.0  -238.466740  -238.842950     0.376210
 4325     83.0  -238.466750  -238.844020     0.377280
 4326     84.0  -238.466750  -238.845160     0.378410
 4327     84.0  -238.466750  -238.846370     0.379620
 4328     84.0  -238.466740  -238.847650     0.380910
 4329     84.0  -238.466750  -238.849030     0.382280
 4330     85.0  -238.466750  -238.850470     0.383720
 4331     85.0  -238.466750  -238.851980     0.385230
 4332     85.0  -238.466750  -238.853530     0.386780
 4333     86.0  -238.466750  -238.855110     0.388360
 4334     86.0  -238.466750  -238.856690     0.389940
 4335     87.0  -238.466740  -238.858230     0.391490
 4336     87.0  -238.466740  -238.859720     0.392970
 4337     87.0  -238.466740  -238.861090     0.394350
 4338     87.0  -238.466740  -238.862310     0.395570
 4339     88.0  -238.466730  -238.863330     0.396600
 4340     88.0  -238.466730  -238.864120     0.397380
 4341     88.0  -238.466720  -238.864590     0.397870
 4342     88.0  -238.466720  -238.864730     0.398010
 4343     88.0  -238.466720  -238.864470     0.397750
 4344     88.0  -238.466710  -238.863740     0.397040
 4345     87.0  -238.466690  -238.862520     0.395830
 4346     87.0  -238.466690  -238.860760     0.394070
 4347     87.0  -238.466680  -238.858410     0.391730
 4348     86.0  -238.466670  -238.855430     0.388760
 4349     85.0  -238.466650  -238.851780     0.385130
 4350     84.0  -238.466640  -238.847450     0.380810
 4351     83.0  -238.466630  -238.842400     0.375780
 4352     82.0  -238.466610  -238.836640     0.370020
 4353     80.0  -238.466600  -238.830140     0.363540
 4354     79.0  -238.466580  -238.822910     0.356330
 4355     77.0  -238.466560  -238.814960     0.348400
 4356     75.0  -238.466550  -238.806320     0.339770
 4357     73.0  -238.466530  -238.797010     0.330480
 4358     71.0  -238.466510  -238.787070     0.320550
 4359     69.0  -238.466490  -238.776540     0.310040
 4360     66.0  -238.466480  -238.765480     0.299000
 4361     64.0  -238.466460  -238.753950     0.287490
 4362     61.0  -238.466430  -238.742010     0.275580
 4363     58.0  -238.466410  -238.729760     0.263350
 4364     55.0  -238.466390  -238.717270     0.250880
 4365     53.0  -238.466370  -238.704630     0.238260
 4366     50.0  -238.466350  -238.691930     0.225580
 4367     47.0  -238.466330  -238.679270     0.212940
 4368     44.0  -238.466310  -238.666750     0.200440
 4369     42.0  -238.466280  -238.654470     0.188190
 4370     39.0  -238.466260  -238.642530     0.176270
 4371     36.0  -238.466240  -238.631030     0.164790
 4372     34.0  -238.466220  -238.620080     0.153860
 4373     32.0  -238.466190  -238.609750     0.143560
 4374     30.0  -238.466170  -238.600160     0.133990
 4375     28.0  -238.466150  -238.591390     0.125240
 4376     26.0  -238.466130  -238.583510     0.117370
 4377     24.0  -238.466120  -238.576600     0.110480
 4378     23.0  -238.466100  -238.570730     0.104620
 4379     22.0  -238.466090  -238.565940     0.099856
 4380     21.0  -238.466070  -238.562300     0.096229
 4381     21.0  -238.466060  -238.559840     0.093779
 4382     20.0  -238.466050  -238.558580     0.092536
 4383     20.0  -238.466030  -238.558550     0.092518
 4384     21.0  -238.466020  -238.559750     0.093732
 4385     21.0  -238.466010  -238.562190     0.096175
 4386     22.0  -238.466000  -238.565840     0.099834
 4387     23.0  -238.465990  -238.570680     0.104690
 4388     24.0  -238.465990  -238.576680     0.110690
 4389     26.0  -238.465980  -238.583800     0.117820
 4390     28.0  -238.465980  -238.591990     0.126010
 4391     30.0  -238.465980  -238.601180     0.135200
 4392     32.0  -238.465970  -238.611300     0.145330
 4393     35.0  -238.465970  -238.622300     0.156330
 4394     37.0  -238.465970  -238.634070     0.168100
 4395     40.0  -238.465970  -238.646550     0.180580
 4396     43.0  -238.465970  -238.659630     0.193670
 4397     46.0  -238.465970  -238.673240     0.207270
 4398     49.0  -238.465970  -238.687280     0.221300
 4399     52.0  -238.465970  -238.701640     0.235670
 4400     55.0  -238.465980  -238.716260     0.250280
 4401     59.0  -238.465980  -238.731010     0.265030
 4402     62.0  -238.465990  -238.745830     0.279840
 4403     65.0  -238.466000  -238.760610     0.294610
 4404     68.0  -238.466000  -238.775270     0.309270
 4405     72.0  -238.466010  -238.789740     0.323740
 4406     75.0  -238.466010  -238.803940     0.337930
 4407     78.0  -238.466020  -238.817800     0.351780
 4408     81.0  -238.466030  -238.831250     0.365220
 4409     84.0  -238.466040  -238.844240     0.378200
 4410     86.0  -238.466040  -238.856700     0.390660
 4411     89.0  -238.466050  -238.868610     0.402550
 4412     91.0  -238.466070  -238.879920     0.413850
 4413     94.0  -238.466070  -238.890580     0.424510
 4414     96.0  -238.466090  -238.900600     0.434510
 4415     98.0  -238.466100  -238.909930     0.443830
 4416    100.0  -238.466110  -238.918560     0.452450
 4417    102.0  -238.466120  -238.926480     0.460360
 4418    103.0  -238.466120  -238.933680     0.467560
 4419    105.0  -238.466140  -238.940180     0.474040
 4420    106.0  -238.466150  -238.945970     0.479820
 4421    107.0  -238.466160  -238.951040     0.484880
 4422    108.0  -238.466180  -238.955430     0.489250
 4423    109.0  -238.466190  -238.959120     0.492920
 4424    110.0  -238.466210  -238.962120     0.495920
 4425    110.0  -238.466210  -238.964460     0.498240
 4426    110.0  -238.466240  -238.966150     0.499910
 4427    111.0  -238.466250  -238.967190     0.500940
 4428    111.0  -238.466260  -238.967590     0.501330
 4429    111.0  -238.466270  -238.967360     0.501090
 4430    111.0  -238.466300  -238.966530     0.500230
 4431    110.0  -238.466310  -238.965070     0.498750
 4432    110.0  -238.466330  -238.963000     0.496670
 4433    109.0  -238.466350  -238.960330     0.493990
 4434    108.0  -238.466360  -238.957060     0.490690
 4435    108.0  -238.466370  -238.953170     0.486800
 4436    107.0  -238.466390  -238.948680     0.482290
 4437    105.0  -238.466410  -238.943590     0.477180
 4438    104.0  -238.466430  -238.937890     0.471460
 4439    103.0  -238.466450  -238.931580     0.465130
 4440    101.0  -238.466460  -238.924650     0.458190
 4441    100.0  -238.466480  -238.917110     0.450630
 4442     98.0  -238.466490  -238.908960     0.442470
 4443     96.0  -238.466510  -238.900210     0.433700
 4444     94.0  -238.466520  -238.890860     0.424340
 4445     92.0  -238.466540  -238.880940     0.414400
 4446     89.0  -238.466550  -238.870440     0.403890
 4447     87.0  -238.466560  -238.859410     0.392840
 4448     84.0  -238.466580  -238.847860     0.381280
 4449     82.0  -238.466590  -238.835840     0.369250
 4450     79.0  -238.466600  -238.823370     0.356770
 4451     76.0  -238.466610  -238.810520     0.343910
 4452     73.0  -238.466620  -238.797320     0.330710
 4453     70.0  -238.466630  -238.783860     0.317230
 4454     67.0  -238.466630  -238.770180     0.303540
 4455     64.0  -238.466640  -238.756360     0.289720
 4456     61.0  -238.466640  -238.742480     0.275840
 4457     58.0  -238.466650  -238.728630     0.261980
 4458     55.0  -238.466650  -238.714880     0.248230
 4459     52.0  -238.466650  -238.701330     0.234680
 4460     49.0  -238.466650  -238.688070     0.221420
 4461     46.0  -238.466660  -238.675210     0.208550
 4462     43.0  -238.466650  -238.662810     0.196160
 4463     41.0  -238.466660  -238.651000     0.184340
 4464     38.0  -238.466660  -238.639840     0.173180
 4465     36.0  -238.466660  -238.629430     0.162770
 4466     34.0  -238.466650  -238.619840     0.153190
 4467     32.0  -238.466650  -238.611170     0.144520
 4468     30.0  -238.466650  -238.603470     0.136820
 4469     29.0  -238.466650  -238.596800     0.130150
 4470     28.0  -238.466640  -238.591220     0.124580
 4471     27.0  -238.466650  -238.586770     0.120120
 4472     26.0  -238.466640  -238.583480     0.116830
 4473     25.0  -238.466640  -238.581360     0.114720
 4474     25.0  -238.466640  -238.580430     0.113790
 4475     25.0  -238.466630  -238.580680     0.114050
 4476     26.0  -238.466630  -238.582110     0.115480
 4477     26.0  -238.466630  -238.584680     0.118050
 4478     27.0  -238.466620  -238.588350     0.121730
 4479     28.0  -238.466620  -238.593080     0.126460
 4480     29.0  -238.466620  -238.598820     0.132200
 4481     31.0  -238.466620  -238.605490     0.138870
 4482     32.0  -238.466620  -238.613010     0.146400
 4483     34.0  -238.466610  -238.621310     0.154700
 4484     36.0  -238.466610  -238.630300     0.163700
 4485     38.0  -238.466600  -238.639890     0.173290
 4486     41.0  -238.466600  -238.649980     0.183380
 4487     43.0  -238.466590  -238.660480     0.193890
 4488     45.0  -238.466590  -238.671280     0.204690
 4489     48.0  -238.466580  -238.682300     0.215710
 4490     50.0  -238.466580  -238.693420     0.226850
 4491     53.0  -238.466570  -238.704580     0.238010
 4492     55.0  -238.466560  -238.715670     0.249110
 4493     57.0  -238.466550  -238.726610     0.260060
 4494     60.0  -238.466540  -238.737330     0.270790
 4495     62.0  -238.466530  -238.747760     0.281230
 4496     64.0  -238.466520  -238.757830     0.291310
 4497     67.0  -238.466510  -238.767500     0.300990
 4498     69.0  -238.466490  -238.776710     0.310220
 4499     71.0  -238.466480  -238.785430     0.318960
 4500     72.0  -238.466470  -238.793630     0.327170
 4501     74.0  -238.466450  -238.801290     0.334840
 4502     76.0  -238.466430  -238.808390     0.341960
 4503     77.0  -238.466420  -238.814930     0.348510
 4504     78.0  -238.466400  -238.820900     0.354500
 4505     80.0  -238.466380  -238.826320     0.359930
 4506     81.0  -238.466370  -238.831190     0.364830
 4507     82.0  -238.466350  -238.835540     0.369200
 4508     82.0  -238.466330  -238.839390     0.373070
 4509     83.0  -238.466310  -238.842770     0.376460
 4510     84.0  -238.466290  -238.845700     0.379410
 4511     84.0  -238.466270  -238.848200     0.381930
 4512     85.0  -238.466260  -238.850330     0.384070
 4513     85.0  -238.466240  -238.852090     0.385850
 4514     86.0  -238.466210  -238.853520     0.387310
 4515     86.0  -238.466180  -238.854650     0.388470
 4516     86.0  -238.466190  -238.855550     0.389360
 4517     86.0  -238.466180  -238.856180     0.390000
 4518     86.0  -238.466160  -238.856580     0.390420
 4519     86.0  -238.466150  -238.856790     0.390640
 4520     86.0  -238.466120  -238.856800     0.390670
 4521     86.0  -238.466120  -238.856650     0.390530
 4522     86.0  -238.466110  -238.856340     0.390230
 4523     86.0  -238.466100  -238.855870     0.389770
 4524     86.0  -238.466080  -238.855240     0.389160
 4525     86.0  -238.466070  -238.854470     0.388400
 4526     86.0  -238.466060  -238.853540     0.387470
 4527     85.0  -238.466050  -238.852440     0.386390
 4528     85.0  -238.466040  -238.851180     0.385140
 4529     85.0  -238.466040  -238.849750     0.383710
 4530     84.0  -238.466030  -238.848120     0.382090
 4531     84.0  -238.466020  -238.846290     0.380270
 4532     84.0  -238.466010  -238.844260     0.378240
 4533     83.0  -238.466010  -238.842000     0.375990
 4534     83.0  -238.466000  -238.839500     0.373500
 4535     82.0  -238.465990  -238.836760     0.370770
 4536     81.0  -238.465990  -238.833770     0.367780
 4537     81.0  -238.465980  -238.830520     0.364540
 4538     80.0  -238.465980  -238.827010     0.361030
 4539     79.0  -238.465980  -238.823240     0.357260
 4540     78.0  -238.465970  -238.819200     0.353230
 4541     77.0  -238.465970  -238.814920     0.348940
 4542     76.0  -238.465970  -238.810380     0.344410
 4543     75.0  -238.465980  -238.805630     0.339650
 4544     74.0  -238.465980  -238.800660     0.334680
 4545     73.0  -238.465970  -238.795490     0.329520
 4546     72.0  -238.465970  -238.790160     0.324190
 4547     70.0  -238.465980  -238.784700     0.318730
 4548     69.0  -238.465970  -238.779140     0.313170
 4549     68.0  -238.465980  -238.773530     0.307550
 4550     67.0  -238.465980  -238.767880     0.301900
 4551     65.0  -238.465980  -238.762270     0.296280
 4552     64.0  -238.465990  -238.756710     0.290730
 4553     63.0  -238.465990  -238.751280     0.285290
 4554     62.0  -238.465990  -238.746010     0.280010
 4555     61.0  -238.466000  -238.740950     0.274950
 4556     60.0  -238.466000  -238.736160     0.270160
 4557     59.0  -238.466010  -238.731680     0.265670
 4558     58.0  -238.466020  -238.727570     0.261550
 4559     57.0  -238.466030  -238.723860     0.257840
 4560     56.0  -238.466030  -238.720600     0.254570
 4561     56.0  -238.466040  -238.717840     0.251800
 4562     55.0  -238.466050  -238.715600     0.249550
 4563     55.0  -238.466060  -238.713920     0.247860
 4564     55.0  -238.466080  -238.712830     0.246750
 4565     54.0  -238.466090  -238.712340     0.246250
 4566     54.0  -238.466100  -238.712470     0.246360
 4567     55.0  -238.466120  -238.713220     0.247100
 4568     55.0  -238.466130  -238.714600     0.248470
 4569     55.0  -238.466150  -238.716590     0.250450
 4570     56.0  -238.466160  -238.719190     0.253030
 4571     57.0  -238.466180  -238.722380     0.256200
 4572     57.0  -238.466200  -238.726110     0.259910
 4573     58.0  -238.466210  -238.730340     0.264130
 4574     59.0  -238.466220  -238.735050     0.268830
 4575     61.0  -238.466250  -238.740180     0.273930
 4576     62.0  -238.466270  -238.745660     0.279390
 4577     63.0  -238.466290  -238.751430     0.285140
 4578     64.0  -238.466310  -238.757420     0.291110
 4579     66.0  -238.466330  -238.763560     0.297230
 4580     67.0  -238.466350  -238.769770     0.303420
 4581     68.0  -238.466370  -238.775960     0.309590
 4582     70.0  -238.466400  -238.782060     0.315660
 4583     71.0  -238.466420  -238.787980     0.321560
 4584     72.0  -238.466440  -238.793630     0.327190
 4585     73.0  -238.466460  -238.798940     0.332480
 4586     75.0  -238.466480  -238.803830     0.337350
 4587     76.0  -238.466500  -238.808210     0.341720
 4588     76.0  -238.466510  -238.812030     0.345520
 4589     77.0  -238.466530  -238.815220     0.348690
 4590     78.0  -238.466550  -238.817720     0.351170
 4591     78.0  -238.466560  -238.819480     0.352920
 4592     78.0  -238.466580  -238.820470     0.353890
 4593     78.0  -238.466590  -238.820640     0.354050
 4594     78.0  -238.466600  -238.820000     0.353390
 4595     78.0  -238.466610  -238.818510     0.351900
 4596     77.0  -238.466620  -238.816190     0.349570
 4597     77.0  -238.466630  -238.813050     0.346430
 4598     76.0  -238.466640  -238.809120     0.342480
 4599     75.0  -238.466640  -238.804420     0.337780
 4600     73.0  -238.466650  -238.799020     0.332370
 4601     72.0  -238.466660  -238.792960     0.326300
 4602     71.0  -238.466660  -238.786310     0.319650
 4603     69.0  -238.466660  -238.779140     0.312480
 4604     67.0  -238.466670  -238.771550     0.304880
 4605     66.0  -238.466670  -238.763610     0.296950
 4606     64.0  -238.466660  -238.755440     0.288770
 4607     62.0  -238.466660  -238.747130     0.280460
 4608     60.0  -238.466660  -238.738780     0.272120
 4609     58.0  -238.466660  -238.730510     0.263850
 4610     57.0  -238.466650  -238.722410     0.255760
 4611     55.0  -238.466650  -238.714600     0.247960
 4612     53.0  -238.466650  -238.707190     0.240540
 4613     52.0  -238.466640  -238.700270     0.233620
 4614     50.0  -238.466640  -238.693930     0.227290
 4615     49.0  -238.466630  -238.688260     0.221630
 4616     48.0  -238.466630  -238.683340     0.216720
 4617     47.0  -238.466620  -238.679250     0.212630
 4618     46.0  -238.466610  -238.676040     0.209430
 4619     46.0  -238.466600  -238.673770     0.207170
 4620     46.0  -238.466600  -238.672480     0.205890
 4621     45.0  -238.466590  -238.672190     0.205600
 4622     46.0  -238.466580  -238.672910     0.206330
 4623     46.0  -238.466570  -238.674660     0.208080
 4624     47.0  -238.466570  -238.677410     0.210840
 4625     47.0  -238.466570  -238.681150     0.214590
 4626     48.0  -238.466560  -238.685840     0.219280
 4627     50.0  -238.466550  -238.691440     0.224890
 4628     51.0  -238.466540  -238.697880     0.231340
 4629     53.0  -238.466530  -238.705100     0.238570
 4630     54.0  -238.466530  -238.713050     0.246520
 4631     56.0  -238.466520  -238.721610     0.255090
 4632     58.0  -238.466520  -238.730710     0.264190
 4633     61.0  -238.466510  -238.740250     0.273730
 4634     63.0  -238.466510  -238.750120     0.283620
 4635     65.0  -238.466500  -238.760240     0.293740
 4636     67.0  -238.466490  -238.770480     0.304000
 4637     69.0  -238.466480  -238.780760     0.314290
 4638     72.0  -238.466470  -238.790970     0.324500
 4639     74.0  -238.466460  -238.801000     0.334540
 4640     76.0  -238.466450  -238.810770     0.344320
 4641     78.0  -238.466440  -238.820170     0.353740
 4642     80.0  -238.466420  -238.829130     0.362710
 4643     82.0  -238.466400  -238.837560     0.371150
 4644     84.0  -238.466390  -238.845400     0.379000
 4645     85.0  -238.466380  -238.852570     0.386190
 4646     87.0  -238.466350  -238.859020     0.392660
 4647     88.0  -238.466350  -238.864730     0.398380
 4648     89.0  -238.466330  -238.869630     0.403300
 4649     90.0  -238.466320  -238.873710     0.407400
 4650     91.0  -238.466300  -238.876960     0.410660
 4651     91.0  -238.466280  -238.879370     0.413080
 4652     92.0  -238.466260  -238.880930     0.414660
 4653     92.0  -238.466240  -238.881660     0.415420
 4654     92.0  -238.466220  -238.881590     0.415370
 4655     92.0  -238.466200  -238.880740     0.414540
 4656     91.0  -238.466180  -238.879150     0.412970
 4657     91.0  -238.466160  -238.876860     0.410700
 4658     90.0  -238.466150  -238.873930     0.407780
 4659     89.0  -238.466120  -238.870390     0.404270
 4660     88.0  -238.466110  -238.866330     0.400220
 4661     87.0  -238.466090  -238.861780     0.395690
 4662     86.0  -238.466070  -238.856820     0.390750
 4663     85.0  -238.466050  -238.851510     0.385470
 4664     84.0  -238.466030  -238.845930     0.379900
 4665     83.0  -238.466020  -238.840130     0.374110
 4666     81.0  -238.466000  -238.834170     0.368170
 4667     80.0  -238.465980  -238.828130     0.362140
 4668     79.0  -238.465970  -238.822050     0.356080
 4669     77.0  -238.465960  -238.815990     0.350030
 4670     76.0  -238.465940  -238.810000     0.344060
 4671     75.0  -238.465940  -238.804140     0.338200
 4672     73.0  -238.465930  -238.798430     0.332510
 4673     72.0  -238.465920  -238.792920     0.327000
 4674     71.0  -238.465910  -238.787620     0.321720
 4675     70.0  -238.465890  -238.782580     0.316680
 4676     69.0  -238.465890  -238.777800     0.311910
 4677     68.0  -238.465880  -238.773290     0.307410
 4678     67.0  -238.465880  -238.769060     0.303190
 4679     66.0  -238.465870  -238.765120     0.299240
 4680     65.0  -238.465870  -238.761450     0.295580
 4681     65.0  -238.465860  -238.758030     0.292170
 4682     64.0  -238.465850  -238.754860     0.289010
 4683     63.0  -238.465870  -238.751960     0.286090
 4684     63.0  -238.465880  -238.749240     0.283360
 4685     62.0  -238.465880  -238.746690     0.280820
 4686     62.0  -238.465870  -238.744290     0.278420
 4687     61.0  -238.465890  -238.742040     0.276150
 4688     61.0  -238.465890  -238.739870     0.273980
 4689     60.0  -238.465900  -238.737760     0.271860
 4690     60.0  -238.465910  -238.735680     0.269770
 4691     59.0  -238.465910  -238.733600     0.267690
 4692     59.0  -238.465920  -238.731500     0.265580
 4693     58.0  -238.465930  -238.729350     0.263420
 4694     58.0  -238.465940  -238.727130     0.261190
 4695     57.0  -238.465950  -238.724820     0.258870
 4696     57.0  -238.465960  -238.722410     0.256450
 4697     56.0  -238.465970  -238.719880     0.253910
 4698     56.0  -238.465980  -238.717220     0.251240
 4699     55.0  -238.465990  -238.714450     0.248460
 4700     54.0  -238.466010  -238.711570     0.245570
 4701     54.0  -238.466020  -238.708570     0.242560
 4702     53.0  -238.466030  -238.705490     0.239460
 4703     52.0  -238.466040  -238.702330     0.236290
 4704     52.0  -238.466040  -238.699110     0.233060
 4705     51.0  -238.466050  -238.695870     0.229820
 4706     50.0  -238.466080  -238.692660     0.226590
 4707     49.0  -238.466090  -238.689490     0.223400
 4708     49.0  -238.466110  -238.686410     0.220300
 4709     48.0  -238.466130  -238.683450     0.217320
 4710     47.0  -238.466140  -238.680660     0.214520
 4711     47.0  -238.466150  -238.678080     0.211930
 4712     46.0  -238.466160  -238.675760     0.209600
 4713     46.0  -238.466180  -238.673760     0.207580
 4714     46.0  -238.466200  -238.672100     0.205900
 4715     45.0  -238.466220  -238.670840     0.204630
 4716     45.0  -238.466230  -238.670020     0.203780
 4717     45.0  -238.466250  -238.669660     0.203410
 4718     45.0  -238.466260  -238.669810     0.203550
 4719     45.0  -238.466280  -238.670510     0.204230
 4720     45.0  -238.466300  -238.671770     0.205470
 4721     46.0  -238.466320  -238.673610     0.207290
 4722     46.0  -238.466340  -238.676060     0.209720
 4723     47.0  -238.466360  -238.679120     0.212760
 4724     48.0  -238.466380  -238.682790     0.216420
 4725     49.0  -238.466390  -238.687080     0.220690
 4726     50.0  -238.466410  -238.691980     0.225570
 4727     51.0  -238.466430  -238.697480     0.231050
 4728     52.0  -238.466440  -238.703550     0.237100
 4729     54.0  -238.466460  -238.710170     0.243710
 4730     55.0  -238.466480  -238.717310     0.250830
 4731     57.0  -238.466490  -238.724940     0.258440
 4732     59.0  -238.466510  -238.733010     0.266500
 4733     61.0  -238.466530  -238.741490     0.274970
 4734     63.0  -238.466540  -238.750330     0.283790
 4735     65.0  -238.466560  -238.759480     0.292920
 4736     67.0  -238.466570  -238.768870     0.302300
 4737     69.0  -238.466590  -238.778470     0.311880
 4738     71.0  -238.466600  -238.788210     0.321610
 4739     73.0  -238.466610  -238.798040     0.331440
 4740     75.0  -238.466620  -238.807910     0.341290
 4741     78.0  -238.466630  -238.817760     0.351120
 4742     80.0  -238.466640  -238.827530     0.360890
 4743     82.0  -238.466650  -238.837170     0.370520
 4744     84.0  -238.466660  -238.846640     0.379970
 4745     86.0  -238.466670  -238.855870     0.389200
 4746     88.0  -238.466680  -238.864830     0.398150
 4747     90.0  -238.466680  -238.873470     0.406790
 4748     92.0  -238.466680  -238.881750     0.415070
 4749     93.0  -238.466690  -238.889640     0.422960
 4750     95.0  -238.466690  -238.897110     0.430420
 4751     97.0  -238.466690  -238.904100     0.437410
 4752     98.0  -238.466680  -238.910610     0.443920
 4753     99.0  -238.466700  -238.916620     0.449920
 4754    101.0  -238.466700  -238.922070     0.455370
 4755    102.0  -238.466690  -238.926970     0.460270
 4756    103.0  -238.466690  -238.931290     0.464590
 4757    104.0  -238.466690  -238.935010     0.468320
 4758    104.0  -238.466680  -238.938130     0.471450
 4759    105.0  -238.466680  -238.940630     0.473950
 4760    105.0  -238.466670  -238.942500     0.475830
 4761    105.0  -238.466660  -238.943740     0.477080
 4762    106.0  -238.466650  -238.944330     0.477680
 4763    106.0  -238.466640  -238.944270     0.477630
 4764    105.0  -238.466630  -238.943560     0.476930
 4765    105.0  -238.466620  -238.942200     0.475570
 4766    105.0  -238.466610  -238.940170     0.473560
 4767    104.0  -238.466600  -238.937490     0.470890
 4768    103.0  -238.466580  -238.934140     0.467560
 4769    102.0  -238.466570  -238.930140     0.463570
 4770    101.0  -238.466560  -238.925480     0.458930
 4771    100.0  -238.466540  -238.920170     0.453630
 4772     99.0  -238.466530  -238.914220     0.447690
 4773     98.0  -238.466520  -238.907620     0.441100
 4774     96.0  -238.466500  -238.900390     0.433890
 4775     94.0  -238.466480  -238.892530     0.426050
 4776     92.0  -238.466460  -238.884060     0.417600
 4777     90.0  -238.466450  -238.875010     0.408560
 4778     88.0  -238.466430  -238.865370     0.398940
 4779     86.0  -238.466410  -238.855180     0.388770
 4780     84.0  -238.466390  -238.844460     0.378070
 4781     81.0  -238.466370  -238.833240     0.366870
 4782     79.0  -238.466350  -238.821550     0.355210
 4783     76.0  -238.466330  -238.809440     0.343110
 4784     73.0  -238.466310  -238.796930     0.330620
 4785     70.0  -238.466290  -238.784080     0.317790
 4786     67.0  -238.466270  -238.770920     0.304650
 4787     64.0  -238.466240  -238.757520     0.291280
 4788     61.0  -238.466230  -238.743930     0.277710
 4789     58.0  -238.466210  -238.730220     0.264010
 4790     55.0  -238.466180  -238.716440     0.250250
 4791     52.0  -238.466160  -238.702660     0.236500
 4792     49.0  -238.466140  -238.688950     0.222810
 4793     46.0  -238.466120  -238.675390     0.209270
 4794     43.0  -238.466100  -238.662050     0.195950
 4795     40.0  -238.466080  -238.649000     0.182920
 4796     38.0  -238.466060  -238.636330     0.170270
 4797     35.0  -238.466040  -238.624110     0.158070
 4798     32.0  -238.466020  -238.612410     0.146390
 4799     30.0  -238.466000  -238.601320     0.135320
 4800     28.0  -238.465980  -238.590900     0.124920
 4801     25.0  -238.465960  -238.581230     0.115270
 4802     24.0  -238.465950  -238.572390     0.106440
 4803     22.0  -238.465930  -238.564410     0.098486
 4804     20.0  -238.465910  -238.557390     0.091473
 4805     19.0  -238.465900  -238.551360     0.085457
 4806     18.0  -238.465880  -238.546370     0.080486
 4807     17.0  -238.465870  -238.542470     0.076603
 4808     16.0  -238.465860  -238.539700     0.073844
 4809     16.0  -238.465850  -238.538090     0.072239
 4810     16.0  -238.465840  -238.537640     0.071809
 4811     16.0  -238.465830  -238.538390     0.072567
 4812     16.0  -238.465820  -238.540340     0.074519
 4813     17.0  -238.465820  -238.543480     0.077662
 4814     18.0  -238.465800  -238.547790     0.081984
 4815     19.0  -238.465810  -238.553270     0.087466
 4816     21.0  -238.465800  -238.559880     0.094079
 4817     22.0  -238.465800  -238.567590     0.101790
 4818     24.0  -238.465800  -238.576350     0.110550
 4819     27.0  -238.465800  -238.586110     0.120310
 4820     29.0  -238.465800  -238.596810     0.131010
 4821     32.0  -238.465800  -238.608390     0.142590
 4822     34.0  -238.465810  -238.620770     0.154970
 4823     37.0  -238.465810  -238.633880     0.168070
 4824     40.0  -238.465820  -238.647640     0.181820
 4825     43.0  -238.465820  -238.661940     0.196120
 4826     47.0  -238.465830  -238.676720     0.210890
 4827     50.0  -238.465840  -238.691860     0.226020
 4828     53.0  -238.465850  -238.707280     0.241430
 4829     57.0  -238.465860  -238.722880     0.257020
 4830     60.0  -238.465870  -238.738560     0.272680
 4831     64.0  -238.465890  -238.754220     0.288330
 4832     67.0  -238.465900  -238.769770     0.303870
 4833     71.0  -238.465910  -238.785100     0.319190
 4834     74.0  -238.465920  -238.800140     0.334220
 4835     77.0  -238.465940  -238.814790     0.348850
 4836     80.0  -238.465950  -238.828960     0.363010
 4837     83.0  -238.465970  -238.842590     0.376620
 4838     86.0  -238.465980  -238.855580     0.389590
 4839     89.0  -238.466000  -238.867870     0.401870
 4840     91.0  -238.466020  -238.879410     0.413390
 4841     94.0  -238.466030  -238.890130     0.424100
 4842     96.0  -238.466040  -238.899990     0.433940
 4843     98.0  -238.466070  -238.908950     0.442880
 4844    100.0  -238.466080  -238.916970     0.450890
 4845    101.0  -238.466100  -238.924030     0.457940
 4846    103.0  -238.466120  -238.930120     0.464010
 4847    104.0  -238.466130  -238.935230     0.469100
 4848    105.0  -238.466150  -238.939360     0.473210
 4849    105.0  -238.466170  -238.942500     0.476340
 4850    106.0  -238.466180  -238.944690     0.478510
 4851    106.0  -238.466190  -238.945940     0.479750
 4852    106.0  -238.466210  -238.946290     0.480080
 4853    106.0  -238.466230  -238.945770     0.479550
 4854    106.0  -238.466240  -238.944420     0.478180
 4855    105.0  -238.466250  -238.942300     0.476050
 4856    105.0  -238.466270  -238.939450     0.473180
 4857    104.0  -238.466280  -238.935930     0.469650
 4858    103.0  -238.466300  -238.931810     0.465510
 4859    102.0  -238.466310  -238.927140     0.460830
 4860    101.0  -238.466330  -238.921990     0.455660
 4861     99.0  -238.466340  -238.916420     0.450080
 4862     98.0  -238.466350  -238.910500     0.444140
 4863     97.0  -238.466370  -238.904290     0.437920
 4864     95.0  -238.466380  -238.897860     0.431470
 4865     94.0  -238.466390  -238.891250     0.424860
 4866     92.0  -238.466400  -238.884540     0.418140
 4867     91.0  -238.466420  -238.877780     0.411360
 4868     89.0  -238.466430  -238.871010     0.404580
 4869     88.0  -238.466450  -238.864270     0.397830
 4870     86.0  -238.466460  -238.857610     0.391150
 4871     85.0  -238.466470  -238.851060     0.384580
 4872     84.0  -238.466490  -238.844640     0.378150
 4873     82.0  -238.466500  -238.838370     0.371870
 4874     81.0  -238.466510  -238.832270     0.365760
 4875     80.0  -238.466530  -238.826350     0.359820
 4876     78.0  -238.466530  -238.820600     0.354060
 4877     77.0  -238.466550  -238.815030     0.348480
 4878     76.0  -238.466560  -238.809620     0.343060
 4879     75.0  -238.466560  -238.804360     0.337800
 4880     74.0  -238.466580  -238.799250     0.332670
 4881     72.0  -238.466590  -238.794250     0.327660
 4882     71.0  -238.466590  -238.789330     0.322740
 4883     70.0  -238.466600  -238.784490     0.317890
 4884     69.0  -238.466610  -238.779690     0.313080
 4885     68.0  -238.466610  -238.774900     0.308290
 4886     67.0  -238.466620  -238.770110     0.303480
 4887     66.0  -238.466630  -238.765280     0.298650
 4888     65.0  -238.466630  -238.760390     0.293760
 4889     64.0  -238.466630  -238.755440     0.288810
 4890     63.0  -238.466630  -238.750400     0.283770
 4891     62.0  -238.466630  -238.745270     0.278640
 4892     60.0  -238.466630  -238.740050     0.273420
 4893     59.0  -238.466620  -238.734730     0.268110
 4894     58.0  -238.466620  -238.729340     0.262720
 4895     57.0  -238.466620  -238.723880     0.257260
 4896     56.0  -238.466610  -238.718370     0.251750
 4897     54.0  -238.466610  -238.712840     0.246230
 4898     53.0  -238.466600  -238.707330     0.240720
 4899     52.0  -238.466590  -238.701860     0.235270
 4900     51.0  -238.466580  -238.696490     0.229910
 4901     50.0  -238.466570  -238.691260     0.224690
 4902     49.0  -238.466560  -238.686220     0.219660
 4903     47.0  -238.466550  -238.681420     0.214870
 4904     47.0  -238.466530  -238.676920     0.210380
 4905     46.0  -238.466520  -238.672760     0.206240
 4906     45.0  -238.466510  -238.669000     0.202490
 4907     44.0  -238.466500  -238.665700     0.199200
 4908     43.0  -238.466480  -238.662890     0.196420
 4909     43.0  -238.466470  -238.660640     0.194170
 4910     43.0  -238.466450  -238.658960     0.192510
 4911     42.0  -238.466440  -238.657910     0.191480
 4912     42.0  -238.466420  -238.657510     0.191090
 4913     42.0  -238.466410  -238.657780     0.191370
 4914     43.0  -238.466390  -238.658730     0.192340
 4915     43.0  -238.466380  -238.660390     0.194010
 4916     43.0  -238.466360  -238.662730     0.196370
 4917     44.0  -238.466350  -238.665760     0.199420
 4918     45.0  -238.466330  -238.669460     0.203130
 4919     46.0  -238.466320  -238.673800     0.207490
 4920     47.0  -238.466300  -238.678760     0.212450
 4921     48.0  -238.466290  -238.684280     0.217990
 4922     50.0  -238.466280  -238.690340     0.224060
 4923     51.0  -238.466260  -238.696860     0.230600
 4924     53.0  -238.466250  -238.703800     0.237550
 4925     54.0  -238.466230  -238.711090     0.244860
 4926     56.0  -238.466210  -238.718660     0.252450
 4927     58.0  -238.466210  -238.726470     0.260260
 4928     59.0  -238.466200  -238.734420     0.268220
 4929     61.0  -238.466180  -238.742430     0.276250
 4930     63.0  -238.466160  -238.750450     0.284280
 4931     65.0  -238.466160  -238.758400     0.292250
 4932     66.0  -238.466140  -238.766210     0.300070
 4933     68.0  -238.466130  -238.773810     0.307680
 4934     70.0  -238.466120  -238.781130     0.315010
 4935     71.0  -238.466100  -238.788120     0.322010
 4936     73.0  -238.466090  -238.794720     0.328620
 4937     74.0  -238.466080  -238.800870     0.334790
 4938     75.0  -238.466060  -238.806530     0.340470
 4939     76.0  -238.466050  -238.811670     0.345610
 4940     77.0  -238.466040  -238.816240     0.350200
 4941     78.0  -238.466030  -238.820220     0.354190
 4942     79.0  -238.466020  -238.823600     0.357570
 4943     80.0  -238.466000  -238.826340     0.360340
 4944     80.0  -238.465990  -238.828460     0.362470
 4945     80.0  -238.465990  -238.829960     0.363970
 4946     81.0  -238.465970  -238.830830     0.364850
 4947     81.0  -238.465970  -238.831090     0.365130
 4948     81.0  -238.465950  -238.830770     0.364820
 4949     80.0  -238.465930  -238.829870     0.363940
 4950     80.0  -238.465930  -238.828470     0.362540
 4951     80.0  -238.465920  -238.826560     0.360640
 4952     79.0  -238.465910  -238.824190     0.358280
 4953     79.0  -238.465890  -238.821410     0.355520
 4954     78.0  -238.465900  -238.818290     0.352400
 4955     77.0  -238.465890  -238.814850     0.348960
 4956     76.0  -238.465880  -238.811150     0.345270
 4957     75.0  -238.465870  -238.807250     0.341370
 4958     75.0  -238.465860  -238.803180     0.337320
 4959     74.0  -238.465860  -238.799040     0.333180
 4960     73.0  -238.465860  -238.794860     0.329000
 4961     72.0  -238.465850  -238.790690     0.324840
 4962     71.0  -238.465850  -238.786590     0.320740
 4963     70.0  -238.465850  -238.782610     0.316760
 4964     69.0  -238.465850  -238.778800     0.312950
 4965     68.0  -238.465850  -238.775200     0.309350
 4966     68.0  -238.465850  -238.771840     0.305990
 4967     67.0  -238.465850  -238.768780     0.302930
 4968     66.0  -238.465850  -238.766040     0.300190
 4969     66.0  -238.465850  -238.763650     0.297790
 4970     65.0  -238.465860  -238.761630     0.295770
 4971     65.0  -238.465860  -238.760000     0.294140
 4972     65.0  -238.465870  -238.758770     0.292910
 4973     65.0  -238.465880  -238.757960     0.292080
 4974     64.0  -238.465890  -238.757560     0.291670
 4975     64.0  -238.465890  -238.757560     0.291670
 4976     65.0  -238.465900  -238.757970     0.292070
 4977     65.0  -238.465920  -238.758770     0.292850
 4978     65.0  -238.465930  -238.759940     0.294010
 4979     65.0  -238.465940  -238.761450     0.295520
 4980     66.0  -238.465950  -238.763290     0.297340
 4981     66.0  -238.465960  -238.765430     0.299470
 4982     67.0  -238.465980  -238.767830     0.301860
 4983     67.0  -238.465990  -238.770460     0.304470
 4984     68.0  -238.466010  -238.773290     0.307280
 4985     69.0  -238.466020  -238.776260     0.310240
 4986     69.0  -238.466040  -238.779360     0.313320
 4987     70.0  -238.466050  -238.782530     0.316480
 4988     71.0  -238.466070  -238.785740     0.319670
 4989     71.0  -238.466080  -238.788950     0.322860
 4990     72.0  -238.466100  -238.792120     0.326020
 4991     73.0  -238.466120  -238.795220     0.329100
 4992     73.0  -238.466140  -238.798210     0.332070
 4993     74.0  -238.466150  -238.801060     0.334900
 4994     75.0  -238.466170  -238.803740     0.337570
 4995     75.0  -238.466190  -238.806220     0.340040
 4996     76.0  -238.466200  -238.808490     0.342290
 4997     76.0  -238.466220  -238.810510     0.344300
 4998     76.0  -238.466230  -238.812280     0.346050
 4999     77.0  -238.466250  -238.813780     0.347530
 5000     77.0  -238.466260  -238.814990     0.348730
# 5000 67.4936
